Target	Source
ABL2	ABL1
ADCY2	ADCY1
ADCY5	ADCY2
AKR7A3	AKR7A2
AKT1S1	AKT1
ALPPL2	ALPP
AP1G1	AP1B1
AP1S1	AP1G1
AP2A1	ABL1
AP2A1	AP1B1
AP2B1	ABL1
APBB1	ABL1
ARF5	AP1B1
ARHGAP17	ABL1
ARHGEF11	ABCA1
ARHGEF12	ABCA1
ARID4B	ARID4A
ARNT2	ARNT
ARNT	AHRR
ASAP2	ARF5
ATF3	ATF2
ATF7	ATF2
ATF7IP	AP1B1
ATN1	AES
ATN1	AGRN
ATP5B	ATP5A1
ATR	ABL1
ATRX	ATN1
ATXN7L3	ATXN7
BAIAP2	ATN1
BAP1	ANKRD17
BAP1	ASXL1
BAP1	ASXL2
BAZ1B	BAZ1A
BAZ2A	BAZ1B
BCR	ABL1
BCR	ABL2
BEGAIN	BAHD1
BIN1	ABL1
BIN1	AMPH
BIN1	AP2A1
BIN1	ASAP2
BMPR1B	BMPR1A
BTBD10	ACIN1
BTG3	BANP
CABIN1	AMPH
CABLES1	ABL1
CAMK2A	ACTN1
CAMK2A	ACTN2
CAMK2A	ACTN4
CAMK2A	ATP2A2
CAMK2B	ACTN4
CAMK2B	CAMK2A
CAMK2D	ACTN2
CAMK2D	CAMK2A
CAMK2D	CAMK2B
CAMK2G	ACTN2
CAMK2G	ACTN4
CAMK2G	ADCY3
CAMK4	CABIN1
CAPN2	ADRBK1
CAPZB	CAPZA2
CATSPER2	CACNA1I
CBL	ABL1
CBL	ASAP1
CBLB	ABL1
CBL	BCR
CBX8	CBX4
CBX8	CBX7
CCDC88A	AKT1
CCNT1	AFF4
CCNT1	BRD4
CCNT2	BRD4
CD44	ANK1
CD44	ARHGEF1
CD44	ARHGEF12
CDC20	CDC16
CDC25B	BRSK1
CDC25B	BRSK2
CDC42	ABCA1
CDC42	ARHGAP17
CDC42	ARHGEF11
CDC42	BAIAP2
CDC42	BCR
CDC42BPA	CDC42
CDC42BPG	CDC42
CDC42	CBL
CDT1	CDC20
CDT1	CDC5L
CFHR1	CFH
CHAF1B	CHAF1A
CHD3	BHLHE40
CHD4	ATR
CHD4	CHD3
CHD8	ASH2L
CHERP	CCAR1
CHMP4A	CDK13
CLINT1	AP1B1
CLINT1	AP1G1
CLINT1	AP2A1
CLINT1	AP2B1
CLIP1	CDC42
CLIP2	CLASP1
CLK2	ATR
CLK3	C1orf63
CLK3	CLK2
CNOT3	CAND1
CNOT3	CAND2
CNOT3	CNOT1
CNOT4	CNOT1
COL1A2	CD44
COL5A3	COL1A2
COL5A3	COL5A1
COPB1	ADAM19
COPB1	COPA
COPB2	COPA
COPB2	COPB1
COPS4	COPS2
CPNE4	CCDC22
CREB1	ABL1
CREB1	AKT1
CREB1	CAMK2A
CREB1	CCDC6
CREB1	CHD3
CREBBP	ABCA1
CREBBP	AKT1
CREBBP	AP1B1
CREBBP	ATF2
CREBBP	ATF3
CREBBP	BCL3
CREBBP	CAMK4
CREBBP	CARM1
CREBBP	CDC20
CREBBP	CDC25B
CREBBP	CNOT3
CREBBP	CREB1
CSF1R	CBL
CSNK2A1	ABCA1
CSNK2A1	ACACA
CSNK2A1	ARNT
CSNK2A1	ATF2
CSNK2A1	BRF1
CSNK2A1	CDC25B
CSNK2A1	CHD3
CSNK2A1	COPS2
CSNK2A1	CREBBP
CSTF2	CHD3
CSTF2	CPSF1
CSTF2	CPSF3
CTBP1	BCL3
CTBP1	CBX4
CTBP1	CREBBP
CTBP2	BAZ2B
CTBP2	CBX4
CTBP2	CTBP1
CTCF	CHD8
CTDP1	CSNK2A1
CTNNA1	ACTN1
CTNNB1	ABL1
CTNNB1	ASH2L
CTNNB1	BCL3
CTNNB1	CDH11
CTNNB1	CDH24
CTNNB1	CDH8
CTNNB1	CHD8
CTNNB1	CREBBP
CTNNB1	CSNK2A1
CTNNB1	CTNNA1
CTNND2	ABL1
CTNND2	CTNNB1
CUL4A	CAND1
CUL4A	CDT1
CUL4A	COPS2
CUL4A	COPS4
CUL4B	CAND1
CUL4B	CDT1
CUL4B	CUL4A
CUX1	BIN1
CUX1	CDC25A
CUX1	CREBBP
CUX2	CSNK2A1
CXXC1	ASH2L
CYLD	BCL3
DACH1	CREBBP
DAXX	ATRX
DAXX	CFLAR
DAXX	CREBBP
DCAF5	CUL4A
DCAF5	CUL4B
DCTN1	CLIP1
DDB1	ABL1
DDB1	BRAP
DDB1	CAND1
DDB1	CDT1
DDB1	COPS2
DDB1	COPS4
DDB1	CUL4A
DDB1	CUL4B
DDB1	DCAF11
DDB1	DCAF5
DHX15	DDX42
DHX8	CHERP
DHX9	DDX21
DIAPH1	BAIAP2
DLG2	ABCA1
DLG2	ATP2B2
DLG2	ATP2B4
DLG5	ABCA1
DLG5	BTBD10
DLG5	CTNNB1
DLGAP1	DLG2
DLGAP3	DLGAP1
DLL1	ADAM10
DMAP1	BRD8
DMAP1	DAXX
DMTF1	ATF7IP
DNM2	AMPH
DNM2	AP2A1
DNM2	ATF7IP
DNM2	BIN1
DNMT1	AKT1
DNMT1	CXXC1
DNMT1	DAXX
DNMT1	DMAP1
DNMT3A	DNMT1
DNMT3B	CREB1
DNMT3B	DNMT1
DNMT3B	DNMT3A
DOK1	ABL1
DPYSL2	AP2A1
DRAP1	ARHGEF10L
DST	CELSR3
DST	DCTN1
DTX3	DTX2
DYNC1H1	CDC5L
DYNC1H1	DCTN1
DYRK1A	CREB1
E2F4	ARID3A
E2F5	CREBBP
EBF1	CREBBP
EDC4	DDX6
EED	DDB1
EED	DNMT1
EED	DNMT3A
EED	DNMT3B
EGFR	ADRBK1
EGFR	AMH
EGFR	CAMK2A
EGFR	CAMK2G
EGFR	CBL
EGFR	CBLB
EGFR	CD44
EGFR	CDC25A
EGFR	CTNNB1
EGR1	CREBBP
EGR1	CSNK2A1
EHMT1	CTBP1
EHMT1	DNMT3A
EHMT2	CDYL
EHMT2	CTBP1
EHMT2	CTBP2
EHMT2	CUX1
EHMT2	DNMT1
EHMT2	DNMT3A
EIF2B1	CREBBP
EIF2S2	CSNK2A1
EIF2S2	EIF2B1
EIF2S3	EIF2S2
EIF3B	DKC1
EIF3B	EIF2S2
EIF3B	EIF3A
EIF3G	EIF3A
EIF3G	EIF3B
EIF3H	CSNK2A1
EIF3H	EIF3A
EIF3H	EIF3B
EIF3H	EIF3G
EIF3I	EIF3A
EIF3I	EIF3B
EIF3I	EIF3G
EIF3I	EIF3H
EIF3M	EIF3A
EIF3M	EIF3B
EIF3M	EIF3H
EIF4A1	EIF3B
EIF4A2	EIF3H
EIF4B	EIF3A
EIF4B	EIF3B
EIF4B	EIF3H
EIF4E2	ARIH1
EIF4E2	EIF3H
EIF4ENIF1	EIF4E2
EIF4G1	EIF3A
EIF4G1	EIF3B
EIF4G1	EIF3H
EIF4G1	EIF3I
EIF4G1	EIF4A1
EIF4G1	EIF4A2
EIF4G3	EIF3H
EIF4G3	EIF4A1
EIF4H	EIF4A1
EIF5B	CBL
EIF5B	DKC1
EIF5B	EIF2S2
EIF5B	EIF3B
EIF5B	EIF3G
EIF5B	EIF3I
ELF3	CREBBP
ELF3	EGFR
ELK1	CREBBP
ENAH	ABL1
ENAH	APBB1
ENAH	BAIAP2
EP400	BRD8
EP400	CTNNB1
EP400	DMAP1
EPB41L1	AGAP2
EPC1	DMAP1
EPC1	E2F6
EPC2	DMAP1
EPHA2	CBL
EPHA2	CTNNB1
EPHA2	EFNA3
EPHA2	EGFR
EPN1	AP2A1
EPN1	EGFR
EPOR	ATXN2L
EPOR	CBL
EPS15L1	AGFG1
EPS15L1	EPN1
ERBB2	CD44
ERBB2	CTNNB1
ERBB2	EGFR
ERBB2	ELF3
ETS1	CAMK2A
ETS1	CAMK2B
ETS1	CREBBP
ETS1	DAXX
ETS2	CREBBP
ETS2	ERG
ETS2	ETS1
EXOC2	EXOC1
EYA3	DACH1
EZH1	DNMT3B
EZH1	E2F6
EZH1	EED
F2R	DKC1
F9	F8
FAF1	CSNK2A1
FAF1	CTNNB1
FBXL5	DCTN1
FBXW11	CDC25A
FBXW11	CDC25B
FBXW11	CTNNB1
FBXW11	FAF1
FGD1	CDC42
FGFR1	CREBBP
FGFR1	CTNNB1
FGFR1	FGF10
FGFR2	CACNA1D
FGFR2	CBL
FGFR2	FGF10
FGFR3	ATF3
FGR	CBL
FGR	DOK1
FKBP6	CCNK
FLI1	ERG
FLI1	ETV6
FLNA	ASB2
FLNA	CAMK2G
FLNA	CDC42
FLNB	ATF7IP
FLNB	FLNA
FLNC	ADRA1B
FLOT1	CBL
FLT4	ATF7IP
FNBP1	ARHGAP17
FNBP1	CBL
FNBP1	CDC42
FNBP1	DNM2
FOS	ATF2
FOS	ATF7
FOS	BCL3
FOS	CARM1
FOS	CREBBP
FOS	CSNK2A1
FOS	ELK1
FOS	ETS1
FOS	ETS2
FOXK1	BAP1
FOXK2	BAP1
FOXO1	AKT1
FOXO1	CREBBP
FOXO1	CTNNB1
FOXO1	DYRK1A
FOXP1	CTBP1
FOXP2	FOXP1
FOXP4	FOXP1
FOXP4	FOXP2
FSCN1	CTNNB1
FUBP1	CHD3
FURIN	ADAM19
FURIN	FLNA
FURIN	FLNC
FXR1	CYFIP1
FXR1	CYFIP2
FXR2	CYFIP1
FXR2	CYFIP2
FXR2	FTH1
FXR2	FXR1
FZR1	CDC16
FZR1	CDC20
FZR1	CDT1
GAB2	AKT1
GAB2	BCR
GAB2	EGFR
GAB2	EPOR
GAB2	ETV6
GABBR2	GABBR1
GABPB1	CIC
GAK	CREBBP
GATA1	AKT1
GATA1	CREBBP
GATA1	FLI1
GATA2	AKT1
GATA2	CREBBP
GATA4	FOS
GATA5	BIRC2
GBF1	ARHGEF1
GBF1	COPB1
GCM1	CREBBP
GCN1L1	CDC5L
GDF5	BMPR1A
GDF5	BMPR1B
GFRA3	ARTN
GIT1	ADRBK1
GIT1	CHD3
GLI3	CREBBP
GMEB1	ATF7IP
GMEB1	CREBBP
GNA12	ARHGEF1
GNA12	ARHGEF11
GNA12	ARHGEF12
GNA12	F2R
GNA13	ARHGEF1
GNA13	ARHGEF11
GNA13	ARHGEF12
GNA13	CTNNB1
GNA13	F2R
GNA13	GNA12
GNAO1	CACNA1B
GNAO1	DCTN2
GNAS	ADCY2
GNAS	ADCY5
GNAS	ADCY6
GNB1	ARHGEF18
GNB1	CACNA1A
GNB1	CACNA1B
GNB1	CACNA1C
GNB1	GNA12
GORASP2	CBLB
GPHN	ENAH
GRASP	CYTH3
GRASP	GABBR2
GRB10	ABL1
GRB10	AKT1
GRB10	BCR
GRB10	DOK1
GRB10	EGFR
GRB10	ELK1
GRB14	EGFR
GRB14	FGFR1
GRIA1	CAMK2G
GRIA1	EPB41L1
GRIA2	GRIA1
GRIA3	GRIA2
GRIA4	ACTN1
GRIA4	CAMK2G
GRIA4	EPB41L1
GRIA4	GRIA1
GRID1	DLG2
GRIK2	CTNNB1
GRIK2	GRIA1
GRIK2	GRIA2
GRIK5	GRIK2
GRIN1	ACTN2
GRIN1	CAMK2A
GRIN1	CD44
GRIN1	CIT
GRIN1	CTNNB1
GRIN1	DLG2
GRIN1	EGFR
GRIN1	FUS
GRIN2A	ACTN1
GRIN2A	CAMK2A
GRIN2A	CAMK2B
GRIN2A	DLG2
GRIN2A	DLGAP1
GRIN2A	GRIN1
GRIN2B	ACTN2
GRIN2B	CAMK2A
GRIN2B	CAMK2B
GRIN2B	CAMK2D
GRIN2B	CAMK2G
GRIN2B	DLG2
GRIN2B	GRIN1
GRIN3A	GRIN1
GRIN3A	GRIN2A
GRIN3A	GRIN2B
GRK5	GIT1
GRM3	GRASP
GRM6	GNAO1
GSPT1	BIRC2
GTF2A1	BCL3
GTF2A1	CSNK2A1
GTF3C1	FGFR3
GTF3C2	GTF3C1
GTF3C3	BRF1
GTF3C3	GTF3C2
H2AFY	ERBB2
HABP4	CHD3
HABP4	DAXX
HCFC1	ASH2L
HCFC1	BAP1
HCFC1	GABPB1
HCN2	HCN1
HCN4	HCN2
HDAC2	ANTXR1
HDAC2	ARID4A
HDAC2	ARID4B
HDAC2	BCL11B
HDAC2	BCL6
HDAC2	CBFA2T3
HDAC2	CBX7
HDAC2	CDC20
HDAC2	CDYL
HDAC2	CHD3
HDAC2	CHD4
HDAC2	CIITA
HDAC2	CIR1
HDAC2	CREB1
HDAC2	CREBBP
HDAC2	CSNK2A1
HDAC2	CTBP1
HDAC2	CTBP2
HDAC2	DAXX
HDAC2	DMAP1
HDAC2	DNMT1
HDAC2	DNMT3B
HDAC2	EED
HDAC2	GATA4
HDAC2	GTF2I
HDAC2	H2AFY
HDAC4	ANKRD11
HDAC4	ATRX
HDAC4	BCL6
HDAC4	CAMK2D
HDAC4	CAMK4
HDAC4	CIITA
HDAC4	GATA1
HDAC4	GCM1
HDAC5	ANKRD11
HDAC5	BCL6
HDAC5	CAMTA2
HDAC5	CIITA
HDAC5	GATA1
HDAC5	GATA2
HDAC5	GCM1
HDAC5	GNB1
HDAC5	HDAC4
HDAC6	BCL3
HDAC6	CYLD
HDAC6	DCTN1
HDAC6	EGFR
HDAC7	BCL6
HDAC7	CTNNB1
HDAC7	HDAC2
HDAC7	HDAC4
HDAC7	HDAC5
HGS	BEGAIN
HGS	EGFR
HGS	EHMT2
HIF1A	ARNT
HIF1A	ARNT2
HIF1A	CREBBP
HIF1A	CSNK2A1
HIF1A	CTNNB1
HIF1A	HDAC4
HIPK1	CCNT2
HIPK1	DAXX
HIRA	CABIN1
HIVEP2	FBXW11
HLA-A	ERBB2
HMGB1	AES
HMGB1	CTCF
HMGB1	CUX1
HMGB1	DNMT1
HMGXB4	HABP4
HNF1A	AES
HNF1A	BCR
HNF1A	CREBBP
HNF1A	CTNNB1
HNF1A	FOS
HNF1A	GATA5
HNF1B	CREBBP
HNF1B	HNF1A
HNF4A	CREBBP
HNF4A	CTNNB1
HNF4A	FOXO1
HNF4A	HNF1A
HNRNPC	ARHGAP4
HNRNPC	CSNK2A1
HNRNPC	DHX9
HNRNPC	FXR2
HNRNPH3	CHERP
HNRNPK	CARM1
HNRNPK	CCAR1
HNRNPK	DHX9
HNRNPK	HMGB1
HNRNPU	ELL
HNRNPU	GRIN1
HNRNPU	HNRNPH3
HOMER1	AGAP2
HOMER1	DNM3
HOMER1	GRIA1
HOXB6	CREBBP
HOXD10	CREBBP
HSF1	CAMK2A
HSF1	CREBBP
HSF1	CSNK2A1
HSF1	DAXX
HSF1	HDAC2
HSF2	HSF1
HSPA4	AKT1
HSPA4	EGFR
HSPA4	ERBB2
HSPA4	GATA1
HSPA4	HDAC2
HSPA4	HIF1A
HSPA4	HSF1
HSPD1	DHFR
HSPD1	DNM1L
HTR2A	ANKS1B
HTR6	GNAS
HTT	AKT1
HTT	CHD3
HTT	CREBBP
HTT	CTBP1
HTT	EGFR
HTT	GIT1
IFI16	CSNK2A1
IGF1R	ARHGEF12
IGF1R	CBL
IGF1R	EGFR
IGF1R	ERBB2
IGF1R	GRB10
IKBKB	AKT1
IKBKB	CFLAR
IKBKB	CTNNB1
IKBKB	EIF2AK3
IKBKB	HNRNPU
IKZF4	CHD4
IKZF4	HDAC2
IKZF4	IKZF2
ILF3	DGCR8
ILF3	DHX9
ILF3	FUS
ILF3	HNRNPC
IMPDH2	AKT1
ING1	DMAP1
ING1	HDAC2
INO80	ACTR5
INO80D	INO80
INPP5D	BCR
INPP5D	CSF1R
INPP5D	DOK1
INPP5D	EPOR
INPP5D	FGR
INPP5D	GAB2
INPPL1	ABL1
INPPL1	CBL
INPPL1	CSF1R
INPPL1	EGFR
INPPL1	EPHA2
INPPL1	FLNC
INTS3	CTDP1
INTS6	CTDP1
INTS7	CTDP1
INTS8	CTDP1
IQGAP1	AKT1
IQGAP1	CDC42
IQGAP1	CLIP1
IQGAP1	CTNNB1
IQGAP1	EGFR
IQGAP1	ERBB2
IQGAP1	GRIA4
IQGAP1	GRIN1
IRAK1	AKT1
IRAK1	IKBKB
IRAK1	IL1RAP
IRF5	CREBBP
IRF6	IRF5
ITCH	ATN1
ITCH	CBL
ITCH	CFLAR
ITCH	HGS
ITGA2B	COL1A2
ITGA2B	COL2A1
ITGA4	CD44
ITGA4	EED
ITGA4	FLNA
ITGB4	DST
ITGB4	ERBB2
ITGB4	FLNA
ITGB7	DOK1
ITGB7	EED
ITGB7	FLNA
ITGB7	ITGA4
ITPR1	AKT1
ITPR1	EPB41L1
ITPR1	ERLIN2
ITPR1	HOMER1
ITPR3	ANK1
ITPR3	ITPR1
ITSN1	CBL
ITSN1	CDC42
ITSN1	DNM2
ITSN1	INPPL1
JAG2	ATN1
JAK1	ABL1
JAK1	IGF1R
JAK1	IL9R
JAK1	INPP5D
JAK3	CBLB
JAK3	INPP5D
JAK3	JAK1
JARID2	EED
JARID2	EZH1
JARID2	GATA4
JARID2	HDAC2
JUP	BIRC2
JUP	CTNNA1
JUP	CTNNB1
JUP	EGFR
JUP	ERBB2
KAL1	FGFR1
KAT2B	ACTN1
KAT2B	ACTN2
KAT2B	AKT1
KAT2B	CDC25B
KAT2B	CIITA
KAT2B	CREBBP
KAT2B	CTBP1
KAT2B	CUX1
KAT2B	DNMT1
KAT2B	HNF1A
KAT2B	ING1
KAT5	APBB1
KAT5	ARIH2
KAT5	BCL3
KAT5	BRD8
KAT5	CBX8
KAT5	CCDC106
KAT5	CDC42
KAT5	CREB1
KAT5	CREBBP
KAT5	CSTF2
KAT5	DMAP1
KAT5	DNMT1
KAT5	EP400
KAT5	EPC1
KAT5	EPC2
KAT5	ETV6
KAT5	FAM135B
KAT5	HABP4
KAT5	HDAC7
KAT5	HNRNPH3
KAT5	IL9R
KCND2	FLNC
KCNG2	KCNB1
KCNH1	KCNB1
KCNH2	HSPA4
KCNH5	KCNH1
KCNJ3	GNB1
KCNQ1	HSPA4
KCNQ2	ARIH2
KCNQ2	KCNQ1
KCNQ3	KCNQ2
KCNQ4	KCNQ3
KCNQ5	KCNQ3
KCNV1	KCNB1
KDM5B	HDAC2
KDM5B	HDAC4
KDM5C	CNOT4
KDM5C	HDAC2
KDM6A	ASH2L
KDR	ATR
KDR	CBL
KDR	CTNNB1
KDR	DNM2
KDR	FBXW11
KDR	FLT4
KDR	GRB10
KDR	IQGAP1
KHDRBS3	BAHD1
KHDRBS3	HNRNPK
KIF11	DCTN1
KIF1A	GIT1
KIF1B	DLG2
KIF23	BIRC6
KIF5A	ITSN1
KIF5B	KIF5A
KIF5C	KIF5A
KIF5C	KIF5B
KIR3DL1	HLA-A
KIR3DL2	HLA-A
KLB	FGFR1
KLC1	KIF2A
KLC1	KIF5C
KLF12	CTBP1
KLF12	EHMT2
KLF4	CREBBP
KLF4	ELK1
KLF4	HDAC2
KLF4	HDAC5
KLF4	KAT5
KLF5	CREBBP
KLF5	FBXW7
KLF7	FBXO38
KL	IGF1R
KLRC2	HLA-E
KRAS	HNRNPC
L3MBTL2	E2F6
LAMB2	LAMA3
LAMC1	ATF7IP
LAMC1	LAMA3
LATS1	ITCH
LEF1	CTNNB1
LEO1	CTNNB1
LEO1	CTR9
LHX1	ISL1
LHX3	ISL1
LIMS1	EHMT2
LIN54	E2F4
LIN54	E2F5
LMNA	FLNA
LMNA	FOS
LMNA	KAT5
LMNB2	LMNA
LPHN1	ANKS1A
LRP2	ANKS1B
LRP2	APBB1
LRP2	ATN1
LRP2	DLG2
LRP2	LPA
LRP4	DFNB31
LRP6	ANTXR1
LRP8	GRIN1
LRRC7	ACTN2
LRRC7	ACTN4
LRRC7	CAMK2A
LRRC7	CAMK2G
LRRC7	CTNND2
LTBP1	ATN1
LTBP1	FBN1
LTBP4	ATN1
LTBR	BIRC2
LTBR	LTB
LTF	CEL
LUC7L2	ATF7IP
LUC7L2	ATRX
LUC7L2	CHD3
LUC7L2	FXR1
LYST	ATN1
LYST	DNAJC14
LYST	HGS
LYST	HNRNPM
LZTR1	BMPR1B
MACF1	ATF7IP
MAGED1	IRAK1
MAGI1	ACTN4
MAGI1	ATN1
MAGI1	CTNNB1
MAGI1	LRP2
MAGI2	ATN1
MAGI2	CTNNB1
MAGI2	CTNND2
MAGI2	DLL1
MAGI2	DSCAML1
MAGI3	DSCAML1
MAGI3	GRIN2B
MAML1	CREBBP
MAP1B	ARHGEF11
MAP2	GRIN1
MAP2K1	ARAF
MAP2K1	BIRC6
MAP2K1	CPNE4
MAP2K1	EGFR
MAP2K1	ELK1
MAP2K1	GRB10
MAP2K7	CFLAR
MAP3K10	CDC42
MAP3K10	DNM1L
MAP3K10	HTT
MAP3K11	AKT1
MAP3K11	CDC42
MAP3K11	IKBKB
MAP3K11	MAP2K7
MAP3K12	MAP2K7
MAP3K12	MAP3K11
MAP3K13	IKBKB
MAP3K13	MAP2K7
MAP3K1	IKBKB
MAP3K1	MAP2K1
MAP3K1	MAP2K7
MAP3K3	IKBKB
MAP3K3	MAP2K5
MAP3K4	CDC42
MAP3K4	MAP2K1
MAP3K5	AKT1
MAP3K5	CDC25A
MAP3K5	DAB2IP
MAP3K5	DAXX
MAP3K5	HSPA4
MAP3K5	IGF1R
MAP3K5	MAP2K7
MAP3K5	MAP3K3
MAP3K6	MAP3K5
MAP3K7	CARD11
MAP3K7	FOS
MAP3K7	HGS
MAP3K7	IKBKB
MAP3K7	IRAK1
MAP3K7	MAP2K7
MAP3K7	MAP3K3
MAP3K7	MAP3K5
MAP3K8	AKT1
MAP3K8	MAP2K1
MAP4K1	ABL1
MAP4K1	DBNL
MAP4K1	EGFR
MAP4K1	MAP3K11
MAP4K1	MAP3K7
MAP4K3	BIN1
MAP4K3	MAP3K1
MAP4K4	DOK1
MAP4K4	MAP3K1
MAP4K4	MAP3K7
MAP7D1	ATN1
MAPK10	GTF3C1
MAPK10	HNRNPK
MAPK11	ATF2
MAPK11	ELK1
MAPK14	AKT1
MAPK14	ATF2
MAPK14	CBL
MAPK14	CDC25B
MAPK14	CREB1
MAPK14	DUSP2
MAPK14	DUSP7
MAPK14	EGFR
MAPK14	ELK1
MAPK14	FLNA
MAPK14	HNF4A
MAPK14	HNRNPK
MAPK14	HSF4
MAPK14	IRAK1
MAPK14	KAT2B
MAPK14	MAP2K1
MAPK14	MAP2K7
MAPK14	MAP3K7
MAPK8	ATF2
MAPK8	CBL
MAPK8	COPS2
MAPK8	DUSP7
MAPK8	ELK1
MAPK8	HSF1
MAPK8	HSF4
MAPK8IP2	KLC1
MAPK8IP2	LRP2
MAPK8IP2	MAP2K7
MAPK8IP2	MAP3K10
MAPK8IP2	MAP3K11
MAPK8IP2	MAP3K12
MAPK8IP2	MAPK10
MAPK8IP2	MAPK8
MAPK8IP3	KLC1
MAPK8IP3	MAP2K1
MAPK8IP3	MAP2K7
MAPK8IP3	MAP3K1
MAPK8IP3	MAP3K11
MAPK8IP3	MAP3K5
MAPK8IP3	MAPK10
MAPK8IP3	MAPK8
MAPK8IP3	MAPK8IP2
MAPK8	MAP1B
MAPK8	MAP2K7
MAPK8	MAP3K1
MAPK8	MAP3K7
MAPK8	MAPK14
MAPKBP1	MAPK10
MAPKBP1	MAPK8
MAPRE2	CLIP1
MAPT	ABL1
MAPT	AKT1
MAPT	CAMK2A
MAPT	DCTN1
MAPT	HDAC6
MAPT	HSPA4
MARK1	MAP2
MARK1	MAPT
MARK2	ARHGEF2
MARK2	MAP3K3
MARK2	MARK1
MARK3	MARK2
MARK4	CDC42
MARK4	MAP2
MARK4	MAPT
MARK4	MARK2
MATR3	HNRNPK
MAZ	BPTF
MAZ	CSNK2A1
MAZ	FOS
MBD1	ATF7IP
MBD1	CHAF1A
MBD2	CHD3
MBD2	CREBBP
MBD2	DHX9
MBD2	DNMT1
MBD2	HDAC2
MDM4	AKT1
MEAF6	FXR2
MEAF6	L3MBTL2
MECOM	CREBBP
MECOM	CTBP1
MECOM	CTBP2
MECOM	HDAC4
MECOM	KAT2B
MED10	KDM4B
MED12	EHMT2
MED12	LYST
MED12	MED10
MED13L	MED10
MED13L	MED13
MED13	MED10
MED13	MED12
MED14	ACTN1
MED14	ACTN2
MED14	CTDP1
MED14	HNF4A
MED14	MED10
MED15	CREB1
MED15	CTDP1
MED15	MED12
MED15	MED13
MED15	MED14
MED23	CTDP1
MED23	ELF3
MED23	MED10
MED23	MED13
MED23	MED14
MED23	MED15
MED24	CTDP1
MED24	MED10
MED24	MED14
MED25	CREBBP
MED25	CTDP1
MED25	HCFC1
MED25	MED12
MED25	MED13
MED25	MED14
MED25	MED15
MED25	MED23
MEF2A	CABIN1
MEF2A	HDAC4
MEF2A	HDAC5
MEF2A	HDAC7
MEF2A	MAPK14
MEF2B	CABIN1
MEF2B	HDAC4
MEF2C	CSNK2A1
MEF2C	GATA4
MEF2C	HDAC4
MEF2C	HDAC5
MEF2C	HDAC7
MEF2C	MAPK14
MEF2D	ASH2L
MEF2D	CABIN1
MEF2D	HDAC4
MEF2D	HDAC5
MEF2D	KAT2B
MEF2D	MEF2A
MEF2D	MEF2C
MEGF8	ATN1
METAP2	CDC42
METAP2	EIF2S3
MET	CBL
MET	CTNNB1
MET	EGFR
MET	GAB2
MET	HGS
MET	INPP5D
MET	INPPL1
MET	ITGB4
MET	KDR
MGEA5	CYLD
MGEA5	DHX9
MIER1	HDAC2
MINK1	CASKIN1
MINK1	MAP1B
MKL2	MKL1
MKNK2	EIF4G1
MKNK2	MAPK14
MLLT10	DOT1L
MLLT10	MLLT1
MLLT1	AFF4
MLLT1	CBX8
MLLT1	DOT1L
MLLT1	ELL
MLLT3	AFF3
MLLT3	AFF4
MLLT3	CBX8
MLLT3	CCNT1
MLLT3	CCNT2
MLLT3	DOT1L
MLLT3	ELL
MLLT3	MLLT1
MLLT3	MLLT10
MLLT4	BCR
MLLT4	CTNNA1
MLLT4	JAG1
MLLT6	DOT1L
MLLT6	MED15
MLLT6	MLLT1
MMP14	F12
MMP14	FGFR2
MMP14	FURIN
MOV10	CBX6
MOV10	CBX7
MOV10	CBX8
MST1	MAP1B
MTA1	ATR
MTA1	BCL11B
MTA1	CHD3
MTA1	CHD4
MTA1	HDAC2
MTA1	HIF1A
MTA2	BCL11B
MTA2	CHD3
MTA2	CHD4
MTA2	HDAC2
MTA2	MBD2
MTA2	MTA1
MTF2	JARID2
MTOR	ABL1
MTOR	AKT1
MTOR	AKT1S1
MTOR	CLIP1
MTOR	CLK2
MTOR	EIF3B
MTOR	FBXW7
MTOR	GPHN
MTOR	MAF1
MYB	CREBBP
MYB	CSNK2A1
MYB	FBXW7
MYB	KAT2B
MYBL1	CREBBP
MYBL1	LIN54
MYBL2	CDC34
MYBL2	CREBBP
MYBL2	E2F3
MYBL2	E2F4
MYBL2	LIN54
MYB	LEF1
MYH9	GRIN1
MYH9	MYH10
MYLK	CAMK2G
MYO18A	GOLPH3
MYO5A	DLGAP1
MYO9A	CDC42
MYO9B	ARFGEF1
MYSM1	KAT2B
MYSM1	KIF11
NAA10	CDC25A
NAA10	EHMT2
NAA10	HIF1A
NAA15	NAA10
NAGPA	AP2A1
NAGPA	FURIN
NASP	LUC7L2
NBPF3	ANK1
NCAN	HMGB1
NCKAP1	CYFIP1
NCKAP1	CYFIP2
NCKIPSD	BAIAP2
NCL	ARFGEF1
NCL	CSNK2A1
NCL	DGCR8
NCL	LTF
NCL	MYB
NCL	MYBL1
NCOA1	ARNT
NCOA1	BCL3
NCOA1	CARM1
NCOA1	CIITA
NCOA1	CREBBP
NCOA1	FOS
NCOA1	HIF1A
NCOA1	HNF4A
NCOA1	KAT2B
NCOA2	ACTN2
NCOA2	ANKRD11
NCOA2	ARNT
NCOA2	CARM1
NCOA2	CCNT1
NCOA2	CREBBP
NCOA2	CTNNB1
NCOA2	FOS
NCOA2	GMEB1
NCOA2	HIF1A
NCOA2	HNF4A
NCOA2	KIF5A
NCOA2	KIF5B
NCOA2	KIF5C
NCOA2	MEF2C
NCOA2	NCOA1
NCOR1	ACTN2
NCOR1	BAZ1A
NCOR1	BCL6
NCOR1	CBFA2T3
NCOR1	CHD1
NCOR1	COPS2
NCOR1	CREBBP
NCOR1	DACH1
NCOR1	DHX30
NCOR1	ETS1
NCOR1	ETS2
NCOR1	ETV6
NCOR1	HDAC2
NCOR1	HDAC4
NCOR1	HDAC5
NCOR1	HDAC7
NCOR1	HTT
NCOR1	KDM4A
NCOR1	MYBL2
NCOR1	NCOA1
NCOR2	AKT1
NCOR2	ARNT
NCOR2	BCL6
NCOR2	CIR1
NCOR2	CREBBP
NCOR2	FOS
NCOR2	HDAC2
NCOR2	HDAC4
NCOR2	HDAC5
NCOR2	HDAC7
NCOR2	MYBL2
NCOR2	NCOR1
NCSTN	ABL1
NDFIP2	ITCH
NEBL	ACTN1
NEDD4L	NDFIP2
NEFM	MINK1
NEFM	NEFH
NEK9	NEK6
NF1	GRIN1
NFATC1	EGR1
NFATC1	MAPK14
NFIC	CREBBP
NFKB1	ATF3
NFKB1	BCL3
NFKB1	CFLAR
NFKB1	CTNNB1
NFKB1	DPF2
NFKB1	ELF3
NFKB1	ETS1
NFKB1	FBXW11
NFKB1	FOS
NFKB1	G3BP2
NFKB1	HDAC2
NFKB1	HMGB1
NFKB1	IKBKB
NFKB1	KAT5
NFKB1	KLF5
NFKB1	LYL1
NFKB1	MAP3K8
NFKB1	NCOA1
NFKB1	NCOR2
NFKB2	BCL3
NFKB2	FBXW7
NFKB2	GTF2I
NFKB2	HDAC4
NFKB2	HDAC5
NFKB2	IKBKB
NFKB2	LTBR
NFKB2	MAP3K8
NFKB2	NFKB1
NFRKB	ACTR5
NFRKB	INO80
NFRKB	INO80D
NFRKB	NFKB1
NFYA	KAT2B
NGEF	CDC42
NID2	COL13A1
NID2	LAMC1
NIPBL	DBN1
NIPBL	MED23
NKAP	DDX41
NKAP	DHX15
NKAP	DHX8
NKAP	LUC7L2
NLGN3	DLG2
NMT1	CAPN2
NOL4	CTBP2
NOS1	ADRA1B
NOS1AP	LRP2
NOS1AP	NOS1
NOS1	ATP2B4
NOS1	CAMK2A
NOS1	CAMK4
NOS1	CTBP1
NOS1	DLG2
NOS2	ACTN4
NOS3	AKT1
NOS3	NMT1
NOTCH1	AKT1
NOTCH1	APBB1
NOTCH1	CBL
NOTCH1	CTNNB1
NOTCH1	DLL1
NOTCH1	DLL4
NOTCH1	DTX2
NOTCH1	FBXW7
NOTCH1	FURIN
NOTCH1	HIF1A
NOTCH1	ITCH
NOTCH1	JAG1
NOTCH1	JAG2
NOTCH1	KAT2B
NOTCH1	KAT5
NOTCH1	LEF1
NOTCH1	LFNG
NOTCH1	MAML1
NOTCH1	MEF2C
NOTCH1	NFKB1
NOTCH2	DLL1
NOTCH2	JAG1
NOTCH2	JAG2
NOTCH2	LFNG
NOTCH2	MAML1
NOTCH3	DLL1
NOTCH3	JAG1
NOTCH3	JAG2
NOTCH3	KAT2B
NOTCH3	MAML1
NOTCH3	NOTCH1
NOTCH4	DLL4
NOTCH4	FBXW7
NOTCH4	MAML1
NPAS2	CREBBP
NPAS2	KAT2B
NPAS4	ARNT
NPAS4	ARNT2
NPHS1	IQGAP1
NPLOC4	FAF1
NPLOC4	G6PD
NPM1	AKT1
NPM1	CTCF
NPM1	HDAC2
NPM1	NCL
NR1D1	NCOR1
NR1D1	NCOR2
NR1H2	NCOR1
NR1H2	NCOR2
NR2C1	HDAC4
NR2C2	HNF4A
NR2C2	IKBKB
NR2C2	NR2C1
NR2E1	ATN1
NR2E1	HDAC5
NR3C1	CHD9
NR3C1	CREB1
NR3C1	CREBBP
NR3C1	DAXX
NR3C1	DDB1
NR3C1	ETS1
NR3C1	ETS2
NR3C1	HDAC2
NR3C1	HDAC6
NR3C1	HNRNPU
NR3C1	KDM5A
NR3C1	MAPK8
NR3C1	MED14
NR3C1	NCL
NR3C1	NCOA1
NR3C1	NCOA2
NR3C1	NCOR1
NR3C1	NCOR2
NR3C1	NEDD4L
NR3C1	NFKB1
NR3C1	NFKB2
NR3C2	HSPA4
NR3C2	NR3C1
NR6A1	NCOR1
NRD1	FBXW11
NRXN1	MACF1
NRXN1	MYO16
NRXN1	NLGN3
NRXN2	MACF1
NRXN2	MLLT4
NRXN2	NLGN3
NSF	GABBR1
NSF	GABBR2
NSF	GRIA2
NSF	GRIA3
NSF	LUC7L2
NSUN2	NCL
NSUN2	NPM1
NTRK2	KIDINS220
NUMB	AP2A1
NUMB	DPYSL2
NUMB	ITCH
NUMBL	NOTCH1
NUMB	LNX2
NUMB	NOTCH1
OBSCN	ANK1
OBSCN	ANK2
OBSCN	MYH2
OCLN	CSNK1E
OCLN	ITCH
OCRL	CDC42
OPHN1	CDC42
PABPC1	CARM1
PABPC1	EIF4B
PABPC1	EIF4G1
PABPC1	EIF4G3
PABPC1	GSPT1
PACS1	AP1G1
PACS1	CSNK2A1
PACS1	FURIN
PACS1	IGF2R
PACSIN1	ARHGAP17
PACSIN1	HTT
PAF1	CHD1
PAF1	CTR9
PAF1	LEO1
PAK1	AKT1
PAK1	ARHGEF2
PAK1	BAIAP2
PAK1	BMPR1B
PAK1	CDC42
PAK1	CDK11B
PAK1	CSNK2A1
PAK1	EGFR
PAK1	ERBB2
PAK1	FLNA
PAK1	FOXO1
PAK1	GIT1
PAK1	HGS
PAK1	MAP2K1
PAK1	MYLK
PAK2	ABL1
PAK2	CDC42
PAK2	EIF4B
PAK2	EIF4G1
PAK2	GIT1
PAK2	MYLK
PAK3	CDC42
PAK3	GIT1
PAK3	GRIN1
PAK3	PAK1
PAN3	PABPC1
PAPOLA	CPSF1
PAPOLA	CPSF3
PARD3	CCDC88A
PARD3	CDC42
PARD3	CTNNA1
PARD3	CTNNB1
PARD6A	CDC42
PARD6A	GLS
PARD6A	MAP2K5
PARD6A	MARK2
PARD6A	MARK4
PARD6A	PARD3
PAX2	MAPK8
PAX3	DAXX
PAX3	IPO13
PAX5	CREBBP
PAX5	DAXX
PAX5	EBF1
PAX5	ETS1
PAX5	MYB
PAX6	DIAPH1
PAX6	IPO13
PAX8	ETS2
PAX9	KDM5B
PAXIP1	ASH2L
PAXIP1	KDM6A
PAXIP1	PAX2
PBX1	HOXD10
PBX1	MEIS2
PBX1	MYH10
PBX1	NR3C1
PBX1	PAX6
PC	GOT1
PCSK5	AMH
PCSK5	ATN1
PCSK7	PABPC1
PDCD2	HCFC1
PDCD2	NCOR1
PDCD6	CPNE4
PDCD6IP	ATN1
PDCD6IP	CHMP4A
PDCD6IP	EGFR
PDCD6IP	PDCD6
PDCD6	MAP3K5
PDGFRA	CBL
PDGFRA	GRB14
PDGFRA	JAK1
PDGFRB	ARAF
PDGFRB	CBL
PDGFRB	COPA
PDGFRB	COPB1
PDGFRB	EGFR
PDGFRB	ETV6
PDGFRB	GRB10
PDGFRB	GRB14
PDGFRB	JAK1
PDGFRB	PDGFRA
PDLIM4	ABCA1
PDPK1	AKT1
PDPK1	CARD11
PDPK1	CDAN1
PDPK1	MTOR
PDPK1	PAK1
PDZD2	CTNND2
PDZD2	NRXN1
PDZK1	ABCA1
PEX6	ATF7IP
PFKM	NOS1
PGAM1	DCTN1
PHC1	CBX2
PHC1	CBX4
PHC1	CBX8
PHC3	CBX2
PHC3	CBX4
PHF21A	HDAC2
PHF21A	KDM1A
PHIP	DDB1
PHLPP1	AKT1
PICALM	AP2A1
PIK3C3	CKAP4
PIK3CA	ARHGEF1
PIK3CA	CBL
PIK3CA	GABRB1
PIK3CA	GRIN2B
PIK3CA	KRAS
PIK3CA	NOTCH1
PIK3CA	PDGFRB
PIK3R1	ABL1
PIK3R1	AGAP2
PIK3R1	AKT1
PIK3R1	ANK3
PIK3R1	ARAF
PIK3R1	ARHGAP17
PIK3R1	BCR
PIK3R1	CBL
PIK3R1	CBLB
PIK3R1	CDC42
PIK3R1	CSF1R
PIK3R1	CTNNB1
PIK3R1	EGFR
PIK3R1	EPHA2
PIK3R1	EPOR
PIK3R1	ERBB2
PIK3R1	FCGR2A
PIK3R1	FGFR1
PIK3R1	FGFR2
PIK3R1	GAB2
PIK3R1	HGS
PIK3R1	IGF1R
PIK3R1	IL1RAP
PIK3R1	INPP4A
PIK3R1	INPP5D
PIK3R1	INPPL1
PIK3R1	JAK1
PIK3R1	JAK3
PIK3R1	MAPK8
PIK3R1	MET
PIK3R1	PDGFRA
PIK3R1	PDGFRB
PIK3R1	PIK3CA
PIK3R2	ABL1
PIK3R2	CBL
PIK3R2	CSF1R
PIK3R2	EGFR
PIK3R2	EPHA2
PIK3R2	ERBB2
PIK3R2	FGFR1
PIK3R2	GAB2
PIK3R2	IGF1R
PIK3R2	INPPL1
PIK3R2	PDGFRB
PIK3R2	PIK3CA
PIK3R4	CKAP4
PIK3R4	PIK3C3
PIP5K1A	ARF5
PIP5K1C	AP1B1
PIP5K1C	AP2B1
PIP5K1C	LRP2
PITPNM2	CPNE4
PJA2	MAGED1
PLAA	HDAC6
PLAUR	FGR
PLAUR	IGF2R
PLAUR	JAK1
PLCB1	PARD3
PLCB1	PARD6A
PLCB3	CAMK2B
PLCB3	CAMK2G
PLCB3	PARD3
PLCB3	PARD6A
PLCG1	ABL1
PLCG1	AGAP2
PLCG1	AKT1
PLCG1	BCR
PLCG1	CAMK2A
PLCG1	CBL
PLCG1	DGKZ
PLCG1	DOK1
PLCG1	EGFR
PLCG1	EPOR
PLCG1	ERBB2
PLCG1	FGFR1
PLCG1	FGFR2
PLCG1	GAB2
PLCG1	GIT1
PLCG1	GRIN1
PLCG1	GRIN2A
PLCG1	GRIN2B
PLCG1	INPP5D
PLCG1	KDR
PLCG1	MET
PLCG1	NFAT5
PLCG1	NTRK2
PLCG1	PAK1
PLCG1	PDGFRA
PLCG1	PDGFRB
PLCG1	PICALM
PLCG1	PIK3R1
PLCG2	CBLB
PLCG2	EPOR
PLCG2	GAB2
PLCG2	JAK1
PLCG2	KDR
PLCG2	NPM1
PLG	ATP5B
PLG	F2R
PLG	HMGB1
PLG	LAMA3
PLK1	BIRC6
PLK1	CLIP1
PLK1	CTNNB1
PLK1	CYLD
PLK1	DCTN1
PLK1	KIF23
PLK1	MAGED1
PLK1	MYT1
PLK1	NPM1
PLK1	PITPNM1
PLRG1	CDC5L
PLXNA1	AKT1
PLXNA1	KDR
PLXNA2	DHX37
PLXNA2	FNBP4
PLXNA2	HACE1
PLXNB1	AKT1
PLXNB1	ARHGEF11
PLXNB1	ARHGEF12
PLXNB1	ERBB2
PLXNB1	MET
PLXNB1	PLXNA1
PLXNB2	ARHGEF11
PLXNB2	ARHGEF12
PLXND1	MACF1
PML	ARID3A
PML	ARNT
PML	BANP
PML	CCNT1
PML	CREBBP
PML	CSNK2A1
PML	DAXX
PML	FOS
PML	GATA2
PML	HDAC2
PML	MAPK14
PML	MYB
PML	NCOR1
PML	NCOR2
PML	NPM1
PML	NR2C1
PML	PAXIP1
PNN	CTBP1
PNN	CTBP2
PNPLA2	MARK3
POLD1	DHX9
POLD1	PMS2
POLE	POLD1
POLR1A	DKC1
POLR1B	DKC1
POLR1B	POLR1A
POLR2B	CTDP1
POT1	ACD
POU2F2	NR3C1
POU5F1	ETS2
POU5F1	HMGB1
POU5F1	NCL
PPARG	BRD8
PPARG	CHD7
PPARG	CNOT1
PPARG	CREBBP
PPARG	FOXO1
PPARG	KAT5
PPARG	KIF1A
PPARG	KLF4
PPARG	MAPK8
PPARG	MED24
PPARG	NCOA1
PPARG	NCOA2
PPARG	NCOR1
PPARG	NCOR2
PPFIA2	GIT1
PPFIA3	GIT1
PPFIA3	PPFIA2
PPIG	NKAP
PPIG	PNN
PPM1A	AKT1
PPM1A	CACNA1A
PPM1A	CACNA1B
PPM1A	CACNA1C
PPM1A	CTNNB1
PPM1A	GRM3
PPM1A	PIK3R1
PPM1D	CDC5L
PPM1D	NCL
PPM1G	GRIA3
PPP1CA	AKT1
PPP1CA	CAD
PPP1CA	CDC5L
PPP1CA	DCX
PPP1CA	GRIA1
PPP1CA	HCFC1
PPP1CA	HSPA4
PPP1CA	MYO16
PPP1CA	NOM1
PPP1CA	PHACTR1
PPP1CA	PHACTR3
PPP1CA	PHACTR4
PPP1R10	PPP1CA
PPP1R12A	MPRIP
PPP1R12A	PPP1CA
PPP1R14A	CSNK1E
PPP1R14A	CSNK1G2
PPP2CA	AKT1
PPP2CA	BMPR1B
PPP2CA	CAD
PPP2CA	CCT6A
PPP2CA	CTTNBP2NL
PPP2CA	HDAC4
PPP2CA	HDAC5
PPP2CA	IRAK1
PPP2CA	ISYNA1
PPP2CA	MAPT
PPP2CA	PACS1
PPP2CA	PPFIA2
PPP2CA	PPFIA3
PPP2CA	PPP1CA
PPP2CB	CCT6A
PPP2CB	CTTNBP2NL
PPP2CB	MAPT
PPP2CB	PACS1
PPP2R1A	AKT1
PPP2R1A	ARIH2
PPP2R1A	CTTNBP2NL
PPP2R1A	EIF4A1
PPP2R1A	GNA12
PPP2R1A	GRIN1
PPP2R1A	HSF2
PPP2R1A	HSPD1
PPP2R1A	PPFIA2
PPP2R1A	PPP2CA
PPP2R1A	PPP2CB
PPP2R2C	CCT6A
PPP2R2C	HSPD1
PPP2R2C	PPP2CA
PPP2R2C	PPP2R1A
PPP2R5B	PPP2CA
PPP2R5B	PPP2R1A
PPP2R5C	PPP2CA
PPP2R5C	PPP2CB
PPP2R5C	PPP2R1A
PPP2R5D	PPP2CA
PPP2R5D	PPP2CB
PPP2R5D	PPP2R1A
PPP3CB	CABIN1
PPRC1	NRF1
PRKAA1	ACACA
PRKAA1	FNIP1
PRKAA1	GRIK2
PRKAA1	MTOR
PRKAA1	PPP2CA
PRKAG1	FNIP1
PRKAG1	PRKAA1
PRKAG2	PRKAA1
PRKAG2	PRKAG1
PRKAR1A	ARFGEF1
PRKAR1A	EGFR
PRKAR1A	HLA-A
PRKAR1A	ITGA4
PRKAR1A	PJA2
PRKAR1B	PRKAR1A
PRKCA	ADCY5
PRKCA	ADRA1B
PRKCA	ADRBK1
PRKCA	ARHGEF1
PRKCA	ATP2B1
PRKCA	ATP2B2
PRKCA	CBL
PRKCA	CDC42
PRKCA	DGKZ
PRKCA	EGFR
PRKCA	FLNA
PRKCA	FLNC
PRKCA	FSCN1
PRKCA	GABRG2
PRKCA	GFPT1
PRKCA	GNA12
PRKCA	GRIA1
PRKCA	GRIA2
PRKCA	GRIA4
PRKCA	GRIN1
PRKCA	GRIN2A
PRKCA	GRIN2B
PRKCA	HABP4
PRKCA	HDAC6
PRKCA	HLA-A
PRKCA	HMGB1
PRKCA	IKBKB
PRKCA	ITGB4
PRKCA	ITPKB
PRKCA	KCNQ2
PRKCA	LMNA
PRKCA	MTOR
PRKCA	MYLK
PRKCA	NFATC1
PRKCA	NOS1
PRKCA	NUMB
PRKCA	OCLN
PRKCA	PLCB1
PRKCA	PPP1R14A
PRKCE	COPB1
PRKCE	COPB2
PRKCE	GNA13
PRKCE	GRIN1
PRKCE	IKBKB
PRKCE	MYH2
PRKCE	NUMB
PRKCE	PDPK1
PRKCE	PPP1R14A
PRKCG	ADRBK1
PRKCG	CDC42
PRKCG	GABRA1
PRKCG	GABRA4
PRKCG	GRIA4
PRKCG	GRIN1
PRKCG	GRIN2B
PRKCG	HABP4
PRKCG	MARK4
PRKCG	NOXA1
PRKCG	NUMB
PRKCG	OCLN
PRKCG	PARD3
PRKCG	PARD6A
PRKCG	PPP1R14A
PRKCZ	ADCY5
PRKCZ	AKT1
PRKCZ	CDC42
PRKCZ	GRB14
PRKCZ	HABP4
PRKCZ	IKBKB
PRKCZ	IRAK1
PRKCZ	JAK1
PRKCZ	MAP2K1
PRKCZ	MAP2K5
PRKCZ	NCL
PRKCZ	NUMB
PRKCZ	PARD3
PRKCZ	PARD6A
PRKCZ	PDPK1
PRKCZ	PPP1R14A
PRKCZ	PRKCA
PRKD2	HDAC7
PRMT1	ASH2L
PRMT1	CARM1
PRMT1	DHX9
PRMT1	EIF4A1
PRMT1	FUS
PRMT1	HABP4
PRMT1	HNRNPA1
PRMT1	HNRNPK
PRMT1	HNRNPR
PRMT1	HNRNPU
PRMT1	ILF3
PRMT1	KHDRBS3
PRMT1	NCOA1
PRMT1	NCOA2
PRMT1	NOL4
PRMT8	PRMT1
PROX1	CREBBP
PROX1	HNF4A
PROX1	NR3C2
PROX1	PAX6
PRPF38A	CHERP
PRPF38A	DHX8
PRPF38A	GTF3C1
PRPF38A	PPIG
PRPF4B	PNN
PRPF6	ARAF
PRPF6	NR3C1
PRPF8	CDC5L
PRPF8	DHX9
PRPF8	EFTUD2
PRPF8	PRPF6
PSMA3	ATN1
PSMA3	CSNK2A1
PSMA3	EGR1
PSMA3	PLK1
PSMA4	CSNK2A1
PSMA4	PLK1
PSMA4	PSMA3
PSMA6	ADRM1
PSMA6	PLK1
PSMA6	PSMA3
PSMA6	PSMA4
PSMC2	HSPA4
PSMC3	HIF1A
PSMC3	PSMC2
PSMC4	PSMC2
PSMC4	PSMC3
PSMC6	PSMC2
PSMC6	PSMC3
PSMC6	PSMC4
PSMD1	ADRM1
PSMD1	PSMA3
PSMD1	PSMA4
PSMD1	PSMA6
PSMD1	PSMC2
PSMD1	PSMC3
PSMD1	PSMC4
PSMD1	PSMC6
PSME3	ATN1
PSME3	ATP5B
PSME3	FXR2
PSME3	ITPKB
PTBP2	HNRNPC
PTBP2	KHDRBS3
PTBP2	MATR3
PTCH1	ADRBK1
PTCH1	IHH
PTEN	AKT1
PTEN	CSNK2A1
PTEN	EGR1
PTEN	MAGI2
PTEN	MAGI3
PTEN	MAST2
PTEN	MAST3
PTEN	PDGFRB
PTEN	PPP1CA
PTK2	ACTN1
PTK2	ASAP1
PTK2	BIN1
PTK2	CBL
PTK2	DLGAP3
PTK2	DNM2
PTK2	EGFR
PTK2	EPHA2
PTK2	ERBB2
PTK2	FGR
PTK2	FLT4
PTK2	GIT1
PTK2	GRIN1
PTK2	IGF1R
PTK2	ITGA4
PTK2	ITGB4
PTK2	KCNMA1
PTK2	MAPK8IP3
PTK2	PDGFRB
PTK2	PIK3CA
PTK2	PIK3R1
PTK2	PIK3R2
PTK2	PLCG1
PTK2	PTEN
PTPN12	ABL1
PTPN12	EGFR
PTPN12	ERBB2
PTPN12	MYCBP2
PTPN12	PDGFRB
PTPN12	PRKCA
PTPN12	PTK2
PTPN18	ABL1
PTPN18	ERBB2
PTPN23	CHMP4A
PTPN2	EGFR
PTPN2	JAK1
PTPN2	JAK3
PTPN2	PDGFRB
PTPN6	ABL1
PTPN6	ACTN1
PTPN6	ACTN4
PTPN6	BCR
PTPN6	CBL
PTPN6	CTNNB1
PTPN6	DOK1
PTPN6	EGFR
PTPN6	EPOR
PTPN6	GAB2
PTPN6	JAK1
PTPN6	JAK3
PTPN6	KDR
PTPN6	KIR2DL1
PTPN6	KIR2DL3
PTPN6	LAIR1
PTPN6	MYH9
PTPN6	NOS1
PTPN6	PIK3R1
PTPN6	PRKCA
PTPRB	CNTNAP1
PTPRB	MAGI3
PTPRB	MET
PTPRE	KCNB1
PTPRF	CTNNB1
PTPRF	JUP
PTPRF	PPFIA2
PTPRF	PPFIA3
PTPRF	PTPRA
PTPRM	CTNNB1
PTPRM	PCSK5
PTPRM	PTPRA
PTPRN	MADD
PTPRN	NOS1
PTPRS	CHD3
PTPRS	EGFR
PTPRS	KAT5
PTPRS	PPFIA2
PTPRS	PPFIA3
PTPRS	PTPRA
PTPRS	PTPRE
PTPRS	PTPRM
PTPRS	PTPRN
PTPRT	PTPRN
PTPRU	CTNNB1
PTPRU	GNAO1
PTPRU	PPFIA3
PUF60	CHD3
PUF60	FUBP1
PUF60	PTBP2
PWP1	DKC1
PXN	ABL1
PXN	ASAP1
PXN	ASAP2
PXN	BCR
PXN	CBL
PXN	GIT1
PXN	IGF1R
PXN	ITGA4
PXN	ITGA9
PXN	MAPK8
PXN	PABPC1
PXN	PAK1
PXN	PAK3
PXN	PDPK1
PXN	PPP2CA
PXN	PPP2R5C
PXN	PTEN
PXN	PTK2
PXN	PTPN12
PYCARD	CARD9
PYCARD	PRKAR1A
RAB11A	MYO5A
RAB11A	PPP2R1A
RAB11FIP1	RAB11A
RAB11FIP2	AP2A1
RAB11FIP2	RAB11A
RAB11FIP3	ARF5
RAB11FIP3	RAB11A
RAB11FIP4	RAB11A
RAB11FIP4	RAB11FIP2
RAB11FIP4	RAB11FIP3
RAB11FIP5	RAB11A
RAB11FIP5	RAB11FIP4
RAB14	OCRL
RAB1B	MICAL3
RAB6B	BMPR1B
RAB6B	KIF20A
RABGAP1	CARM1
RABGAP1	RAB6B
RABGEF1	AP1G1
RABGEF1	EGFR
RABGGTB	ARAF
RABGGTB	RAB11A
RAC1	AKT1
RAC1	ARHGAP17
RAC1	ARHGEF2
RAC1	ARHGEF4
RAC1	BAIAP2
RAC1	BCR
RAC1	CDC42
RAC1	CDC42BPG
RAC1	CLIP1
RAC1	CYFIP1
RAC1	DIAPH1
RAC1	FHOD1
RAC1	FLNA
RAC1	FLNB
RAC1	HACE1
RAC1	IL1RAP
RAC1	IQGAP1
RAC1	MAP3K11
RAC1	MAP3K4
RAC1	METAP2
RAC1	NCKAP1
RAC1	NGEF
RAC1	NOS2
RAC1	NOXA1
RAC1	OCRL
RAC1	OPHN1
RAC1	PAK1
RAC1	PAK2
RAC1	PAK3
RAC1	PARD6A
RAC1	PIK3R1
RAC1	PLCG1
RAC1	PLXNB1
RAC1	PRKCA
RAC1	PTPLAD1
RAC2	CDC42
RAC2	NOS2
RAC2	NOXA1
RAC2	PAK2
RAC2	PLCG2
RAD21	CTCF
RAD21	ESPL1
RAD21	PDS5A
RAD21	PDS5B
RAD54L2	ATN1
RAF1	ADCY6
RAF1	AKT1
RAF1	CDC25A
RAF1	CFLAR
RAF1	GRB10
RAF1	HSPA4
RAF1	JAK1
RAF1	KRAS
RAF1	MAP2K1
RAF1	MAP3K1
RAF1	MAP3K5
RAF1	MAPK8IP3
RAF1	NR3C1
RAF1	PAK1
RAF1	PAK2
RAF1	PAK3
RAF1	PDGFRB
RAF1	PEX5L
RAF1	PRKAA1
RAF1	PRKCA
RAF1	PRKCE
RAF1	PRKCZ
RAF1	RAC1
RALYL	FXR2
RALYL	HNRNPC
RANBP2	HDAC4
RANBP2	IPO5
RANBP2	KIF5B
RANBP2	KIF5C
RANBP9	DDX4
RANBP9	ITGAL
RANBP9	MET
RANBP9	MKLN1
RANBP9	PPARG
RAP1GAP	MLLT4
RAP1GAP	RAC1
RAPGEF1	ABL1
RAPGEF1	CBL
RAPGEF2	CTNNB1
RAPGEF2	MAGI2
RARG	MAP6
RARG	NCOA1
RARG	NCOR1
RARG	NCOR2
RASA1	ABL1
RASA1	BCR
RASA1	CSF1R
RASA1	DOK1
RASA1	EGFR
RASA1	EPHA2
RASA1	HSPD1
RASA1	HTT
RASA1	IGF1R
RASA1	KDR
RASA1	MAGI1
RASA1	MAP4K4
RASA1	PDGFRB
RASA1	PIK3R1
RASA1	PLCG1
RASA1	PXN
RASGRF1	NTRK2
RASGRF1	RAC1
RAVER1	ACTN1
RAVER1	ACTN2
RBBP5	ASH2L
RBBP5	CHD8
RBBP5	CTNNB1
RBBP5	CXXC1
RBBP5	HCFC1
RBBP5	KDM6A
RBBP5	PAXIP1
RBBP6	ETS1
RBBP6	LRCH4
RBBP6	NCOA1
RBM10	ATN1
RBM10	CCAR1
RBM10	DHX15
RBM10	DHX38
RBM10	HNRNPK
RBM10	MYSM1
RBM10	PRCC
RBM10	PTBP2
RBM17	DHX15
RBM22	AQR
RBM22	PRPF8
RBM39	CHERP
RBM39	NKAP
RBM39	PRPF38A
RBM39	RBM25
RBM42	HNRNPK
RBM42	RBM4
RBM4	AQR
RBM4B	HNRNPM
RBM4	DHX9
RBM4	HNRNPH3
RBM4	HNRNPK
RBM4	HNRNPM
RBM4	PTBP2
RBM4	RBM10
RBM4	RBM22
RBM5	DHX15
RBM5	ILF3
RBM5	PRPF8
RCN3	PCSK6
RELA	AES
RELA	BCL3
RELA	CAMK4
RELA	CARM1
RELA	CREBBP
RELA	CSNK2A1
RELA	DHX9
RELA	DPF2
RELA	EGR1
RELA	FAF1
RELA	FOS
RELA	FUS
RELA	HDAC2
RELA	HMGB1
RELA	HSPA4
RELA	IKBKB
RELA	KAT2B
RELA	KLF4
RELA	MAP3K7
RELA	MAP3K8
RELA	NCOR2
RELA	NFKB1
RELA	NFKB2
RELA	NOTCH1
RELA	NR3C1
RELA	PML
RELA	PPP2CA
RELA	PPP2CB
RELA	PPP2R1A
RELA	PRKCZ
RELA	REL
REL	BCL3
REL	CREBBP
REL	HSPA4
REL	MAP3K8
REL	MAPK8
REL	NFKB1
REL	NFKB2
RELN	LRP8
REL	NOTCH1
RELN	PCDHA6
RERE	ATN1
RERE	HDAC2
RERE	PSMA3
REST	HDAC2
REST	HTT
RET	CBL
RET	CBLB
RET	DOK1
RET	GRB10
RET	MAPK14
RET	MAPK8
RET	PIK3R1
RET	PLCG1
RET	PTK2
RET	PTPRF
REV3L	HDAC4
REV3L	REV1
RFX1	ABL1
RFX1	COL1A2
RFX1	HIVEP2
RFX1	HMGB1
RFX1	MAGED1
RFX1	NFIC
RFX2	RFX1
RFX3	RFX1
RFX6	CCNK
RFX6	DTX2
RFX6	RFX2
RFX6	RFX3
RHOU	PAK1
RHOU	PLCG1
RICTOR	AKT1
RICTOR	MTOR
RICTOR	PREX1
RICTOR	PRKCA
RIMS1	CACNA1B
RIMS1	CACNA1C
RIMS1	RAB10
RING1	BAP1
RING1	CBX2
RING1	CBX4
RING1	CBX6
RING1	CBX7
RING1	CBX8
RING1	E2F6
RING1	PHC1
RIPK2	BIRC2
RIPK2	CFLAR
RIPK2	IRAK1
RIPK2	MAP3K7
RNF20	PAF1
RNF31	ATN1
RNF40	RNF20
RNGTT	PDS5A
RNGTT	PDS5B
ROCK1	CDC25A
ROCK1	CDC34
ROCK1	DES
ROCK1	DPYSL2
ROCK1	GRIN1
ROCK1	PPP1R12A
ROCK1	PTK2
ROCK2	PPP1R12A
RORA	NCOA2
RORA	PROX1
RORB	MAP6
RORB	NCOA1
RORB	PSMC4
RPGR	DCTN1
RPGR	DCTN2
RPGR	NPM1
RPL13	CDC5L
RPL13	IPO5
RPL4	RPL13
RPS14	RBBP6
RPS14	RPL13
RPS6KA4	CREB1
RPS6KA4	FOS
RPS6KA4	MAP2K1
RPS6KA4	MAPK14
RPS6KB1	AKT1
RPS6KB1	CDC42
RPS6KB1	EIF3B
RPS6KB1	EIF4B
RPS6KB1	MAPK8
RPS6KB1	MAPT
RPS6KB1	MTOR
RPS6KB1	NEK6
RPS6KB1	PDPK1
RPS6KB1	PIK3CA
RPS6KB1	POLDIP3
RPS6KB1	PPP2CA
RPS6KB1	RAC1
RPS6KB1	RICTOR
RPTOR	AKT1S1
RPTOR	EIF3B
RPTOR	MTOR
RPTOR	PREX1
RPTOR	RICTOR
RPTOR	RPS6KB1
RRN3	POLR1A
RRN3	POLR1B
RRP12	DDX21
RSF1	NFKB1
RUFY3	FOXK1
RUNX3	CBFB
RUNX3	CTNNB1
RUNX3	HDAC2
RUNX3	HDAC4
RUNX3	HDAC5
RUNX3	NOTCH1
RXRA	BCL3
RXRA	BHLHE40
RXRA	BRD8
RXRA	CHD9
RXRA	CNOT1
RXRA	COPS2
RXRA	CTNNB1
RXRA	FUS
RXRA	GATA2
RXRA	JMJD1C
RXRA	KIF1A
RXRA	MED24
RXRA	MED25
RXRA	NCOA1
RXRA	NCOA2
RXRA	NCOR1
RXRA	NCOR2
RXRA	NFKB1
RXRA	NPAS2
RXRA	NR1H2
RXRA	NR4A2
RXRA	NSD1
RXRA	PPARG
RXRA	RARG
RXRA	RELA
RXRB	NCOA1
RXRB	NR1H2
RXRB	NR2C2
RXRB	NR4A2
RXRB	PPARG
RXRB	RARG
RXRG	CAMK2B
RXRG	CREBBP
RXRG	NCOR2
RXRG	NR1H2
RXRG	PPARG
RXRG	RARG
RYR1	CAMK2G
RYR1	HOMER1
RYR2	CACNA1C
RYR2	CAMK2D
RYR2	HOMER1
RYR2	ITPR1
RYR2	RYR1
RYR3	RYR2
SAFB2	SAFB
SAFB	CHD1
SAFB	CHD3
SAFB	HNRNPA1
SAFB	HNRNPK
SAFB	NCOR1
SAP130	ARID4B
SAP130	HDAC2
SAP18	ACIN1
SAP18	GLI3
SAP18	PNN
SAP18	RBM39
SARM1	IRAK1
SART1	CHERP
SART1	RBM25
SCAPER	CELSR3
SCMH1	PHC1
SCN2A	ANK3
SCN2A	ARHGEF10L
SCN5A	ANK3
SCN5A	CBL
SCN5A	DLG2
SCN5A	NEDD4L
SCN8A	GNAO1
SCN8A	MAPK14
SCNN1G	NEDD4L
SCUBE3	SCUBE1
SEC24C	MIA3
SEMA3F	NRP2
SEMA4C	DLG2
SEMA6D	PLXNA1
SENP1	RANBP2
SENP3	ATF7IP
SENP3	NPM1
SEPT7	CENPE
SEPT9	HIF1A
SEPT9	RAB10
SEPT9	SEPT7
SERBP1	CHD3
SERBP1	DAXX
SERF2	CHD3
SERF2	PSME3
SET	APBB1
SETBP1	SET
SETD1A	ASH2L
SETD1A	CXXC1
SETD1A	HCFC1
SETD1A	RBBP5
SETD2	CIC
SETD2	HTT
SETDB1	ATF7IP
SETDB1	BHLHE40
SETDB1	BTBD2
SETDB1	CBX8
SETDB1	CCDC106
SETDB1	CDYL
SETDB1	CHAF1A
SETDB1	DNMT3A
SETDB1	DNMT3B
SETDB1	EHMT1
SETDB1	ERG
SETDB1	HDAC2
SETDB1	KDM1A
SETDB1	MBD1
SETDB1	PABPC4
SETDB1	PML
SETDB1	PPARG
SETDB1	PTPRS
SET	KLF5
SET	PPP2CA
SET	RAC1
SF1	EFTUD2
SF1	FUS
SF1	HNRNPK
SF1	ILF3
SF1	RBM10
SF1	RBM17
SF1	RBM4
SF3A2	ACIN1
SF3A2	CCAR1
SF3A2	CDC5L
SF3A2	CHERP
SF3A2	DDX23
SF3A2	DDX42
SF3A2	DDX46
SF3A2	DHX15
SF3A2	DHX9
SF3A2	EFTUD2
SF3A2	FUS
SF3A2	HNRNPA3
SF3A2	HNRNPC
SF3A2	HNRNPK
SF3A2	HNRNPR
SF3A2	HNRNPU
SF3A2	HSPD1
SF3A2	ILF3
SF3A2	PLRG1
SF3A2	PNN
SF3A2	PPP1CA
SF3A2	PRCC
SF3A2	PRPF6
SF3A2	PRPF8
SF3A2	PUF60
SF3A2	RBM10
SF3A2	RBM17
SF3A2	RBM25
SF3A2	RBM39
SF3A2	RBM5
SF3A2	SAP130
SF3A2	SART1
SF3A2	SF1
SF3B1	CDC5L
SF3B1	DDB1
SF3B1	DDX42
SF3B1	DYRK1A
SF3B1	PLRG1
SF3B1	PRPF6
SF3B1	PRPF8
SF3B1	RBM17
SF3B1	SF3A2
SF3B2	CDC5L
SF3B2	HNRNPC
SF3B2	PRPF6
SF3B2	PRPF8
SF3B2	SF3A2
SF3B2	SF3B1
SF3B3	CDC5L
SF3B3	EFTUD2
SF3B3	PLRG1
SF3B3	PRPF6
SF3B3	SF3A2
SF3B3	SF3B1
SF3B3	SF3B2
SF3B4	BMPR1A
SF3B4	CDC5L
SF3B4	CHERP
SF3B4	DDX42
SF3B4	EFTUD2
SF3B4	FAM115A
SF3B4	ILF3
SF3B4	PRPF8
SF3B4	RBM10
SF3B4	RBM4
SF3B4	SF1
SF3B4	SF3A2
SF3B4	SF3B1
SF3B4	SF3B2
SFTPA1	DMBT1
SFTPA1	MYO18A
SFTPA2	SFTPA1
SGK1	CREB1
SGK1	NEDD4L
SGK1	NEK6
SGK1	PDPK1
SGK1	PIK3CA
SGK1	RAF1
SGK1	RICTOR
SH2B2	AKT1
SH2B2	CBL
SH2B2	EPOR
SH2B2	INPPL1
SH2B2	JAK1
SH2B2	JAK3
SH2B2	NTRK2
SH2B3	FLNA
SH2D3A	EGFR
SH2D3A	MAPK8
SH3BP1	ABL1
SH3BP1	RAC1
SH3BP5	MAPK10
SH3BP5	MAPK8
SHC3	EGFR
SHC3	FLT4
SHC3	NTRK2
SHC3	RET
SHOC2	KRAS
SHOC2	RAF1
SHPRH	FBXW7
SIAH1	AFF4
SIAH1	ATN1
SIAH1	CTNNB1
SIAH1	HTT
SIAH1	KHDRBS3
SIAH1	NUMB
SIGLEC11	PTPN6
SIK2	CRTC3
SIM1	ARNT
SIN3A	ARID4A
SIN3A	ARID4B
SIN3A	BCL6
SIN3A	CHD3
SIN3A	CHD4
SIN3A	COPS2
SIN3A	CSNK2A1
SIN3A	CTBP1
SIN3A	CTCF
SIN3A	DACH1
SIN3A	DHX30
SIN3A	DNMT3B
SIN3A	ETV6
SIN3A	HBP1
SIN3A	HCFC1
SIN3A	HDAC2
SIN3A	HDAC4
SIN3A	HDAC5
SIN3A	HDAC7
SIN3A	HTT
SIN3A	IKZF4
SIN3A	ING1
SIN3A	LRCH4
SIN3A	MBD2
SIN3A	MTA1
SIN3A	MTA2
SIN3A	MYB
SIN3A	NCOR1
SIN3A	NCOR2
SIN3A	NFKB1
SIN3A	NFKB2
SIN3A	PHF12
SIN3A	PML
SIN3A	REL
SIN3A	RELA
SIN3A	REST
SIN3A	SAP18
SIN3A	SETDB1
SIN3B	ARID4A
SIN3B	CBFA2T3
SIN3B	HDAC2
SIN3B	IKZF4
SIN3B	MYT1
SIN3B	REST
SIN3B	SETDB1
SIPA1	BRD4
SIRPA	IL1RAP
SIRPA	PTPN6
SIRT7	MAGED1
SIRT7	POLR1A
SIX1	AES
SIX1	DACH1
SIX1	EYA2
SIX1	EYA3
SIX1	EYA4
SIX2	AES
SIX2	EYA3
SIX4	EYA2
SIX4	EYA3
SIX4	KDM6A
SIX5	EYA3
SIX5	HMGB1
SKI	GLI3
SKI	MYB
SKI	NCOR1
SKI	PML
SKI	RNF111
SKI	SIN3A
SKIV2L2	PPP2R1A
SLC12A4	ATF7IP
SLC1A6	ARHGEF11
SLC1A6	ARIH2
SLC22A4	PDZK1
SLC4A3	ANK1
SLC4A3	CA4
SLC4A3	PRKCE
SLC4A4	CA4
SLC6A9	PRKCA
SLC8A1	ANK2
SLC8A1	PPP3CB
SLC9A1	MAP4K4
SLC9A1	MAPK14
SLC9A3	LRP2
SLC9A3	MAST2
SLC9A3	PDZK1
SLC9A3R1	CTNNB1
SLC9A3R1	EGFR
SLC9A3R1	GRIN1
SLC9A3R1	NOS2
SLC9A3R1	PDGFRA
SLC9A3R1	PDGFRB
SLC9A3R1	PLCB1
SLC9A3R1	PTEN
SLC9A3R1	SLC22A4
SLC9A3R1	SLC9A3
SLCO3A1	SLC9A3R1
SLMAP	PPP2CA
SLMAP	PPP2CB
SLMAP	PPP2R1A
SLU7	PPIG
SLU7	PRPF8
SLU7	SF3B2
SMAD1	BMPR1A
SMAD1	BTBD2
SMAD1	CREBBP
SMAD1	EIF2AK4
SMAD1	GLI3
SMAD1	GMEB1
SMAD1	HBP1
SMAD1	INPP4A
SMAD1	KAT2B
SMAD1	LEF1
SMAD1	MBD1
SMAD1	NOTCH2
SMAD1	PAK1
SMAD1	PSMD1
SMAD1	PUM1
SMAD1	RAB34
SMAD1	RAB6B
SMAD1	RAC2
SMAD1	RFX1
SMAD1	SF3B1
SMAD1	SKI
SMAD4	AKT1
SMAD4	AP2B1
SMAD4	ATF2
SMAD4	ATF7IP
SMAD4	CAMK2G
SMAD4	CREBBP
SMAD4	CTCF
SMAD4	CTNNB1
SMAD4	DACH1
SMAD4	DAXX
SMAD4	EIF2AK4
SMAD4	FOXO1
SMAD4	GLI3
SMAD4	HNF4A
SMAD4	LEF1
SMAD4	MED15
SMAD4	MEF2A
SMAD4	NEK6
SMAD4	NOTCH4
SMAD4	NUAK2
SMAD4	OCLN
SMAD4	PAK1
SMAD4	PARD3
SMAD4	PLG
SMAD4	PRKAR1B
SMAD4	RAB34
SMAD4	RAC2
SMAD4	RFX1
SMAD4	RIPK2
SMAD4	SKI
SMAD4	SMAD1
SMAD5	FLNA
SMAD5	MBD1
SMAD5	PTPN12
SMAD5	RBM4
SMAD5	RYR2
SMAD5	SF3B1
SMAD5	SKI
SMAD5	SMAD1
SMAD5	SMAD4
SMAD6	BMPR1B
SMAD6	MAP3K7
SMAD6	RNF111
SMAD6	SMAD1
SMAD6	SMAD4
SMAD6	SMAD5
SMARCA2	ARID1B
SMARCA2	CREBBP
SMARCA2	DPF2
SMARCA2	HDAC2
SMARCA2	KAT2B
SMARCA2	MYB
SMARCA2	NR3C1
SMARCA2	PRPF6
SMARCA2	SIN3A
SMARCA4	ARID1B
SMARCA4	ARID2
SMARCA4	ATF3
SMARCA4	BAZ1B
SMARCA4	BRWD1
SMARCA4	CARM1
SMARCA4	CHD4
SMARCA4	CHD7
SMARCA4	CIITA
SMARCA4	CREB1
SMARCA4	CREBBP
SMARCA4	CTNNB1
SMARCA4	DPF2
SMARCA4	ETS2
SMARCA4	HDAC2
SMARCA4	HSF1
SMARCA4	NCOA1
SMARCA4	NCOR1
SMARCA4	NR3C1
SMARCA4	PAX6
SMARCA4	PPARG
SMARCA4	REST
SMARCA4	SIN3A
SMARCA4	SMARCA2
SMARCA5	BAZ1A
SMARCA5	BAZ1B
SMARCA5	BAZ2A
SMARCA5	CDT1
SMARCA5	CREB1
SMARCA5	CTNNB1
SMARCA5	DNMT1
SMARCA5	DNMT3B
SMARCA5	HDAC2
SMARCA5	POLR1A
SMARCA5	RAD21
SMARCA5	RSF1
SMARCC1	ARID1B
SMARCC1	BAZ1B
SMARCC1	CHD4
SMARCC1	DPF2
SMARCC1	NCOR1
SMARCC1	NR3C1
SMARCC1	SIN3A
SMARCC1	SMARCA2
SMARCC1	SMARCA4
SMARCC2	ARID1B
SMARCC2	ARID2
SMARCC2	BAZ1B
SMARCC2	CARM1
SMARCC2	CHD7
SMARCC2	DPF2
SMARCC2	HDAC2
SMARCC2	ITSN1
SMARCC2	NCOR1
SMARCC2	SMARCA2
SMARCC2	SMARCA4
SMARCC2	SMARCC1
SMARCE1	ARID1B
SMARCE1	ARID2
SMARCE1	BAZ1B
SMARCE1	CARM1
SMARCE1	CHD7
SMARCE1	DPF2
SMARCE1	HDAC2
SMARCE1	NCOA1
SMARCE1	NCOA2
SMARCE1	NR3C1
SMARCE1	SMAD1
SMARCE1	SMARCA2
SMARCE1	SMARCA4
SMARCE1	SMARCC1
SMARCE1	SMARCC2
SMC3	CTCF
SMC3	HDAC2
SMC3	NIPBL
SMC3	PDS5A
SMC3	PDS5B
SMC3	RAD21
SMC3	RPGR
SMC3	SMARCA5
SMC6	NSMCE4A
SMG7	FGFR3
SMG7	SMG1
SMNDC1	SF3A2
SMO	PTCH1
SMURF1	AP2B1
SMURF1	ASH2L
SMURF1	BMPR1A
SMURF1	BMPR1B
SMURF1	CXXC1
SMURF1	ETV6
SMURF1	FCHO1
SMURF1	LIMS1
SMURF1	LONRF3
SMURF1	NDFIP2
SMURF1	OCLN
SMURF1	PAK1
SMURF1	PARD6A
SMURF1	PWP1
SMURF1	RIPK2
SMURF1	RUNX3
SMURF1	SKI
SMURF1	SMAD1
SMURF1	SMAD4
SMURF1	SMAD5
SMURF1	SMAD6
SNAP25	HGS
SNAP25	ITSN1
SNAP25	KCNB1
SNAP25	KIF5B
SNAP25	PRKCA
SNAP25	RIMS1
SNAP91	AP2B1
SNAP91	PLCG1
SNRNP200	CDC5L
SNRNP200	IRAK1
SNRNP200	PRPF6
SNRNP200	PRPF8
SNRNP200	RBM5
SNRNP200	SF3A2
SNRNP200	SF3B2
SNRNP200	SMNDC1
SNTB2	ABCA1
SNTB2	DGKZ
SNTB2	MAST2
SNTB2	PTPRN
SNTB2	SCN5A
SNW1	ACTN2
SNW1	CCNT1
SNW1	CDC5L
SNW1	CIR1
SNW1	CKAP5
SNW1	DAXX
SNW1	DDX23
SNW1	EFTUD2
SNW1	HDAC2
SNW1	NCOA1
SNW1	NCOR1
SNW1	NCOR2
SNW1	NOTCH1
SNW1	NOTCH2
SNW1	NOTCH3
SNW1	PLRG1
SNW1	PRPF8
SNW1	SART1
SNW1	SKI
SNX13	GNAS
SNX17	LRP8
SNX9	DNM2
SNX9	PAK2
SORCS1	FURIN
SOS1	ABL1
SOS1	BCR
SOS1	BIN1
SOS1	CBL
SOS1	CSF1R
SOS1	EGFR
SOS1	ERBB2
SOS1	FGFR1
SOS1	ITSN1
SOS1	MET
SOS1	PACSIN1
SOS1	PIK3R1
SOS1	PIK3R2
SOS1	PLCG1
SOS1	PTPN6
SOS1	RANBP9
SOS1	RET
SOS1	SNX9
SOS2	ABL1
SOS2	EGFR
SOS2	PLCG1
SOS2	SNX9
SOX5	SMAD1
SOX5	SMAD5
SOX6	CTBP2
SOX6	SOX5
SOX8	PAX3
SOX8	POU5F1
SP1	ARNT
SP1	ATF7IP
SP1	BCL6
SP1	CREBBP
SP1	CSNK2A1
SP1	DNMT1
SP1	E2F3
SP1	EGR1
SP1	ETS1
SP1	GATA1
SP1	GATA4
SP1	HCFC1
SP1	HDAC2
SP1	HDAC4
SP1	HIF1A
SP1	HNF4A
SP1	HTT
SP1	KLF10
SP1	KLF4
SP1	MEF2C
SP1	MEF2D
SP1	MIER1
SP1	NCOR1
SP1	NCOR2
SP1	NFKB1
SP1	NFYA
SP1	NOS3
SP1	PML
SP1	POGZ
SP1	PPARG
SP1	PRKCZ
SP1	REL
SP1	RELA
SP1	RXRA
SP1	SKIV2L2
SP1	SMAD4
SP1	SMARCA4
SP1	SOX8
SP3	GRIN1
SP3	HDAC2
SP3	SP1
SP4	SP1
SPAG9	KLC1
SPAG9	MAP3K3
SPAG9	MAPK14
SPAG9	MAPK8
SPAG9	NFKB1
SPAST	RTN1
SPEN	CTBP1
SPEN	HDAC2
SPEN	MTA2
SPEN	NCOR1
SPEN	NCOR2
SPI1	BCL6
SPI1	CREBBP
SPI1	DNMT3A
SPI1	DNMT3B
SPI1	ERG
SPI1	FOS
SPI1	FUS
SPI1	GATA1
SPI1	GATA2
SPI1	NFATC1
SPI1	NFKB1
SPIB	CREBBP
SPIB	CSNK2A1
SPIB	MAPK8
SPIB	SPI1
SPTB	ANK1
SPTB	AP1G1
SPTB	MAPT
SPTBN1	ANK2
SPTBN1	ATF7IP
SPTBN1	CPNE4
SPTBN1	CSNK2A1
SPTBN1	SMAD4
SPTBN2	CELSR3
SPTBN2	DCTN1
SPTBN2	MINK1
SRC	ABL1
SRC	ACTN1
SRC	ADRBK1
SRC	AKT1
SRC	ANKRD11
SRCAP	ATG9A
SRCAP	CARM1
SRCAP	CREBBP
SRCAP	DMAP1
SRCAP	KAT2B
SRCAP	KAT5
SRCAP	NCOA2
SRC	ARHGAP17
SRC	ASAP1
SRC	ASAP2
SRC	ATP2B4
SRC	BCR
SRC	CARM1
SRC	CBL
SRC	CD44
SRC	CNTNAP1
SRC	CREBBP
SRC	CSF1R
SRC	CTNNB1
SRC	DGKZ
SRC	DNM2
SRC	DOK1
SRC	EGFR
SRC	ERBB2
SRC	ETS1
SRC	ETS2
SRC	FGR
SRC	FOXO1
SRC	GAB2
SRC	GIT1
SRC	GRB10
SRC	GRIN2A
SRC	GRIN2B
SRC	GTF2I
SRC	HLA-A
SRC	HNF1A
SRC	HNRNPK
SRC	IGF1R
SRC	IKBKB
SRCIN1	SNAP25
SRC	INPPL1
SRC	JUP
SRC	KCNB1
SRC	KCNQ5
SRC	KDR
SRC	MAP2
SRC	MAPK8IP3
SRC	MAPT
SRC	MET
SRC	MLLT4
SRC	MYLK
SRC	NMT1
SRC	NOS2
SRC	NPHS1
SRC	NR3C1
SRC	PAK2
SRC	PDCD6IP
SRC	PDGFRB
SRC	PDPK1
SRC	PIK3R1
SRC	PIK3R2
SRC	PLCG1
SRC	PRKCA
SRC	PRKCE
SRC	PRKCZ
SRC	PTK2
SRC	PTPN18
SRC	PTPN2
SRC	PTPN6
SRC	PTPRA
SRC	PTPRE
SRC	PXN
SRC	RAF1
SRC	RASA1
SRC	RET
SRC	RXRA
SRC	SH3BP1
SRC	SMARCE1
SRC	SNAP25
SRF	CAMK2A
SRF	CREB1
SRF	CREBBP
SRF	CSNK2A1
SRF	ELK1
SRF	FLI1
SRF	GATA4
SRF	GTF2I
SRF	HDAC4
SRF	KAT5
SRF	MKL1
SRF	MKL2
SRF	NCOA1
SRF	NCOR2
SRF	NFYA
SRF	PML
SRF	PYCARD
SRF	REL
SRF	RELA
SRF	RXRA
SRF	RXRG
SRF	SMARCA4
SRF	SP1
SRF	SRC
SRGAP1	BMPR1B
SRGAP1	CDC42
SRPK2	ACIN1
SRPK2	DDX46
SRPK2	PRPF38A
SRPK2	RBM39
SRRM1	CDC5L
SRRM1	FUS
SRRM1	SF3A2
SRRT	CHD3
SRRT	GIT1
SRRT	HNRNPK
SRRT	SF3A2
SSFA2	LUC7L2
SSRP1	CHD1
SSRP1	CSNK2A1
SSRP1	DHX9
SSRP1	NEK9
SSRP1	SPI1
SSRP1	SRF
SSSCA1	FXR2
ST5	ABL1
STAG3	SMC3
STAT5A	CBL
STAT5A	CREBBP
STAT5A	EGFR
STAT5A	EPOR
STAT5A	JAK1
STAT5A	JAK3
STAT5A	NCOA1
STAT5A	NCOR2
STAT5A	NR3C1
STAT5A	PDGFRA
STAT5A	PDGFRB
STAT5A	PPP2CA
STAT5A	PTPN2
STAT5A	SRC
STAT5B	CBL
STAT5B	CREBBP
STAT5B	EGFR
STAT5B	EPOR
STAT5B	ETS1
STAT5B	ETS2
STAT5B	JAK1
STAT5B	JAK3
STAT5B	NCOR2
STAT5B	NR3C1
STAT5B	PDGFRA
STAT5B	PDGFRB
STAT5B	PPP2CA
STAT5B	PTPN2
STAT5B	PTPN6
STAT5B	SRC
STAT5B	STAT5A
STK11	MARK1
STK11	MARK2
STK11	MARK4
STK11	PARD3
STK11	PRKAA1
STK11	PTEN
STK11	RPS6KB1
STK11	SIK1
STK11	SMARCA4
STK11	SNRK
STK39	MAPK14
STK39	SLC12A2
STK39	SLC12A6
STK3	CTTNBP2NL
STK3	PPP2CA
STK3	PPP2R1A
STK3	RAF1
STK3	SLMAP
STMN4	PHIP
STRN3	CCT6A
STRN3	CTTNBP2NL
STRN3	PPP2CA
STRN3	PPP2CB
STRN3	PPP2R1A
STRN3	SLMAP
STRN3	STK3
STRN3	STRN
STRN4	CCT6A
STRN4	CTTNBP2NL
STRN4	NBEA
STRN4	PI4KA
STRN4	PPP2CA
STRN4	PPP2CB
STRN4	PPP2R1A
STRN4	STK3
STRN4	STRN
STRN4	STRN3
STRN	ATF7IP
STRN	CCT6A
STRN	CTTNBP2NL
STRN	PPP2CA
STRN	PPP2CB
STRN	PPP2R1A
STRN	SLMAP
STRN	STK3
STUB1	AKT1
STUB1	BMPR1B
STUB1	ERBB2
STUB1	HSF1
STUB1	HSPA4
STUB1	HSPD1
STUB1	LRRK2
STUB1	MAP3K5
STUB1	MAPT
STUB1	NOS1
STUB1	PPP2R1A
STUB1	PSMA3
STUB1	RAF1
STUB1	SGK1
STUB1	SMAD1
STUB1	SMAD4
STUB1	SMURF1
STXBP3	PRKCA
SUB1	CSNK2A1
SUB1	CSTF2
SUB1	HNF4A
SUB1	HSF1
SUDS3	ARID4B
SUDS3	HDAC2
SUDS3	SAP130
SUDS3	SIN3A
SUDS3	SIN3B
SUPT16H	NEK9
SUPT16H	POLD1
SUPT16H	SMCHD1
SUPT16H	SSRP1
SUPT6H	IWS1
SUZ12	CTCF
SUZ12	DNMT1
SUZ12	EED
SUZ12	EZH1
SUZ12	GATA4
SUZ12	HDAC2
SUZ12	JARID2
SUZ12	KDM5A
SUZ12	MTF2
SUZ12	PHF1
SUZ12	SETDB1
SVEP1	ATF7IP
SYK	CBL
SYK	CBLB
SYK	DBNL
SYK	EPOR
SYK	FCGR2A
SYK	FGR
SYK	GAB2
SYK	HNRNPU
SYK	INPP5D
SYK	JAK1
SYK	MAP4K1
SYK	PIK3R1
SYK	PIK3R2
SYK	PLCG1
SYK	PLCG2
SYK	PRKCA
SYK	PTK2
SYK	PTPN6
SYK	PXN
SYK	RASA1
SYK	SH2B2
SYK	SRC
SYK	STAT5A
SYMPK	CPSF3
SYMPK	CSTF2
SYMPK	HSF1
SYMPK	HTT
SYN1	AMPH
SYN1	BIN1
SYN1	CAMK2G
SYN1	KAT5
SYN1	NOS1AP
SYN1	PAK1
SYN1	PAK2
SYN1	PAK3
SYN1	PIK3R1
SYN1	PLCG1
SYN1	RASA1
SYN1	SRC
SYNCRIP	EPRS
SYNCRIP	HNRNPK
SYNCRIP	HNRNPU
SYNCRIP	PABPC1
SYNCRIP	PCSK7
SYNCRIP	SF3A2
SYNJ1	AMPH
SYNJ1	BIN1
SYNJ1	FNBP4
SYNJ1	ITSN1
SYNJ1	PACSIN1
SYNJ1	SH3BP1
SYNJ1	SNX9
SYT1	CACNA1A
SYT1	NR3C1
SYT1	NRXN1
SYT1	PPARG
SYT1	RIMS1
SYT1	SNAP25
SYT1	SYNCRIP
SYT2	NRXN1
SYT2	SYNCRIP
SYT5	NRXN1
SYTL1	NRXN1
SYVN1	ATN1
SYVN1	ERLIN2
SYVN1	SGK1
TAF15	KAT2B
TAF15	PRMT1
TAF15	SAFB
TAF15	SF1
TAF15	TAF1
TAF1	CSNK2A1
TAF1	FOS
TAF1	GTF2A1
TAF1	HMGB1
TAF1	HSF1
TAF1	PHF8
TAF1	RELA
TAF1	SUB1
TAF4B	RELA
TAF5L	ATXN7
TAF5L	ATXN7L3
TAF5L	KAT2B
TAF6	CIITA
TAF6	GTF2A1
TAF6	NCOR1
TAF6	NFYA
TAF6	RELA
TAF6	TAF1
TANC1	CAMK2A
TANC1	DLGAP1
TANC1	GRIA1
TANC1	GRIN2B
TANC1	HOMER1
TAOK1	MARK1
TAOK1	MARK2
TAOK1	MST1
TAOK2	ELK1
TARDBP	FUS
TARDBP	HDAC6
TARDBP	IRAK1
TARDBP	SETDB1
TBC1D10A	GRIN1
TBC1D10A	SLC9A3R1
TBL1XR1	NCOR1
TBP	ATXN7
TBP	BCL3
TBP	BRF1
TBP	BTAF1
TBP	CAND2
TBP	CREBBP
TBP	CXXC1
TBP	DHX9
TBP	DRAP1
TBP	FOS
TBP	GTF2A1
TBP	GTF3C2
TBP	GTF3C3
TBP	HMGB1
TBP	HNRNPK
TBP	HSF1
TBP	HTT
TBP	KDM5A
TBP	NACA
TBP	NCOA1
TBP	NR3C1
TBP	PAX5
TBP	PAX6
TBP	POU2F2
TBP	PSMC2
TBP	REL
TBP	RELA
TBP	RRN3
TBP	RXRA
TBP	SMARCA2
TBP	SP1
TBP	SPI1
TBP	SPIB
TBP	SUB1
TBP	TAF1
TBP	TAF15
TBP	TAF3
TBP	TAF4B
TBP	TAF6
TBX5	GATA4
TCEA1	CIR1
TCEA1	CTDP1
TCEA1	IWS1
TCEB2	ARNT
TCEB2	ASB2
TCEB2	HIF1A
TCEB2	NRBP1
TCERG1	CHAF1A
TCERG1	CHD3
TCERG1	HNRNPM
TCERG1	HSPA4
TCERG1	HTT
TCERG1	NPM1
TCERG1	SETDB1
TCERG1	SF1
TCERG1	SF3A2
TCERG1	SF3B1
TCERG1	SF3B2
TCERG1	SF3B4
TCF12	CREBBP
TCF12	SOX8
TCF4	CTNNB1
TCF4	HBP1
TCF4	JUP
TCF7L1	CTNNB1
TCF7L2	CREBBP
TCF7L2	CSNK2A1
TCF7L2	CTBP1
TCF7L2	CTNNB1
TCF7L2	DAXX
TCF7L2	JUP
TCP10	PARD6A
TEK	ANGPT1
TEK	CBL
TEK	GRB14
TEK	PIK3R1
TEK	PTPRB
TEK	STAT5A
TEK	STAT5B
TERF2	ACD
TERF2IP	ACD
TERF2IP	AP2B1
TERF2IP	POT1
TERF2IP	TERF2
TERF2	MUS81
TERF2	POT1
TFDP1	E2F3
TFDP1	E2F4
TFDP1	E2F5
TFDP1	E2F6
TFDP1	LIN54
TFE3	E2F3
TFE3	HMGB1
TFE3	SMAD4
TFPT	ACTR5
TFPT	ELL
TFPT	INO80
TFPT	NFRKB
TGFB1I1	GIT1
TGFB1I1	ITGA4
TGFB1I1	NR3C1
TGFB1I1	PTK2
TGFB1I1	PTPN12
TGFB1I1	SLC6A3
TGFBR1	AP2B1
TGFBR1	ASH2L
TGFBR1	BMPR1B
TGFBR1	BTBD2
TGFBR1	CD44
TGFBR1	CDC20
TGFBR1	CTNNB1
TGFBR1	EIF2AK4
TGFBR1	GNA13
TGFBR1	IKBKB
TGFBR1	KATNB1
TGFBR1	LIMS1
TGFBR1	MAP3K7
TGFBR1	NEK6
TGFBR1	NUAK2
TGFBR1	OCLN
TGFBR1	PAK1
TGFBR1	PARD6A
TGFBR1	PIK3R1
TGFBR1	PIK3R2
TGFBR1	PML
TGFBR1	PREX2
TGFBR1	RAB34
TGFBR1	RAB6B
TGFBR1	SAMD8
TGFBR1	SMAD1
TGFBR1	SMAD4
TGFBR1	SMAD6
TGFBR1	SMURF1
TGFBR1	STUB1
TH	CAMK2G
TH	CDK11B
TH	CSNK2A1
T	HLA-A
T	HLA-DRB5
T	HLA-E
THRB	BRD8
THRB	CAMK2B
THRB	CNOT1
THRB	COPS2
THRB	CTCF
THRB	FOXO1
THRB	HDAC2
THRB	JMJD1C
THRB	NCOA1
THRB	NCOA2
THRB	NCOR1
THRB	NCOR2
THRB	RXRA
THRB	RXRB
THRB	RXRG
THRB	SRC
TIAM1	ABCA1
TIAM1	ANK1
TIAM1	CAMK2G
TIAM1	CD44
TIAM1	EPHA2
TIAM1	MAPK8IP2
TIAM1	PARD3
TIAM1	PRKCA
TIAM1	PRKCE
TIAM1	PRKCG
TIAM1	PRKCZ
TIAM1	RAC1
TIAM1	SRC
TICAM2	IL1RAP
TICAM2	IRAK1
TICAM2	SARM1
TINF2	ACD
TINF2	POT1
TINF2	TERF2
TINF2	TERF2IP
TJP1	ACTN4
TJP1	CTNNA1
TJP1	EGFR
TJP1	GRIN1
TJP1	MLLT4
TJP1	OCLN
TLE1	AES
TLE1	ATN1
TLE1	BTBD2
TLE1	CTNNB1
TLE1	EIF2S2
TLE1	FUBP1
TLE1	HMGB1
TLE1	HNF1A
TLE1	KDM6A
TLE1	LEF1
TLE1	RUNX3
TLE1	SIX1
TLE1	SIX2
TLE2	HMGB1
TLE2	TLE1
TLE4	CUX1
TLE4	OTX2
TLE4	PAX5
TLN1	ITGA2B
TLN1	ITGB7
TLN1	LRP2
TLN1	PTK2
TLN1	PXN
TNFRSF11A	CBL
TNFRSF11A	CBLB
TNFRSF11A	GAB2
TNFRSF11A	MAP3K7
TNFRSF11A	SRC
TNIK	CTNNB1
TNIK	TCF7L2
TNK2	CDC42
TNK2	EGFR
TNK2	RASGRF1
TNK2	SNX9
TNK2	SRC
TNKS2	FNBP1
TNKS2	GRB14
TNR	BCAN
TNR	NCAN
T	NRP2
TNS3	SRC
TOP1	BTBD2
TOP1	CSNK2A1
TOP1	GTF3C1
TOP1	H2AFY
TOP1	NCL
TOP2A	CDC5L
TOP2A	CDT1
TOP2A	CSNK2A1
TOP2A	DHX9
TOP2A	HDAC2
TOP2A	PRKCA
TOP2A	PRKCG
TOP2A	RANBP2
TOP2A	TOP1
TOP2B	BAZ1B
TOP2B	HDAC2
TOP2B	RANBP2
TOP2B	TOP2A
TOP3A	PLK1
TOP3B	CHD8
TP53	ABL1
TP53	ARID3A
TP53	ARIH2
TP53	ATF3
TP53	ATR
TP53	BANP
TP53	BBC3
TP53	BCR
TP53BP1	CRB2
TP53BP1	HDAC4
TP53BP1	IFI16
TP53BP1	NFKB1
TP53BP1	PAXIP1
TP53BP1	RELA
TP53BP1	TERF2
TP53BP1	TP53
TP53BP2	ATXN7
TP53BP2	KIF5A
TP53BP2	MAGI1
TP53BP2	PPP1CA
TP53BP2	RELA
TP53BP2	TP53
TP53	BRF1
TP53	BTBD2
TP53	CABLES1
TP53	CARM1
TP53	CCDC106
TP53	CDC42
TP53	CFLAR
TP53	CHD3
TP53	COPS2
TP53	COPS4
TP53	CREB1
TP53	CREBBP
TP53	CSNK2A1
TP53	CTBP1
TP53	CUL4A
TP53	CUL9
TP53	DAXX
TP53	DHCR24
TP53	DHFR
TP53	DNMT1
TP53	EGR1
TP53	EHMT1
TP53	EIF2S2
TP53	ELL
TP53	ETS1
TP53	ETS2
TP53	FBXO11
TP53	FOXO1
TP53	HABP4
TP53	HDAC2
TP53	HIF1A
TP53	HIPK1
TP53	HMGB1
TP53	HNF4A
TP53	HNRNPK
TP53	HSPA4
TP53	HSPD1
TP53	HTT
TP53	HUWE1
TP53	IFI16
TP53	IGF1R
TP53	IKBKB
TP53	ING1
TP53	ITCH
TP53	KAT2B
TP53	KAT5
TP53	KLF10
TP53	KLF4
TP53	MAPK10
TP53	MAPK11
TP53	MAPK14
TP53	MAPK8
TP53	MDM4
TP53	MTA1
TP53	MTA2
TP53	MTOR
TP53	NCL
TP53	NCOA1
TP53	NCOR1
TP53	NFYA
TP53	NMT1
TP53	NPM1
TP53	NR3C1
TP53	NUMB
TP53	PLK1
TP53	PML
TP53	PPM1D
TP53	PPP1CA
TP53	PPP2CA
TP53	PRKCA
TP53	PRMT1
TP53	PSME3
TP53	PTEN
TP53	PTK2
TP53	RANBP2
TP53	RNF20
TP53	SENP3
TP53	SETD2
TP53	SETD8
TP53	SIN3A
TP53	SIN3B
TP53	SMARCA4
TP53	SMARCC1
TP53	SP1
TP53	SP3
TP53	STK11
TP53	STUB1
TP53	SYVN1
TP53	TAF1
TP53	TAF6
TP53	TBP
TP53	TFDP1
TP53	THRB
TP53	TOP1
TP53	TOP2A
TP53	TOP2B
TP73	ABL1
TP73	BIN1
TP73	CABLES1
TP73	CHD3
TP73	CREBBP
TP73	DAXX
TP73	HECW2
TP73	HMGB1
TP73	ITCH
TP73	KAT2B
TP73	MAPK8
TP73	MDM4
TP73	PML
TP73	TP53
TP73	TP53BP2
TPR	HTT
TPR	IFI16
TPT1	ATP1A2
TPT1	PLK1
TPT1	TP53
TRA2A	DHX15
TRAF2	AFF4
TRAF2	BAHD1
TRAF2	BANP
TRAF2	BIRC2
TRAF2	CFLAR
TRAF2	CYLD
TRAF2	FLNA
TRAF2	FXR2
TRAF2	GATA5
TRAF2	GORASP2
TRAF2	IKBKB
TRAF2	LTBR
TRAF2	MAP3K1
TRAF2	MAP3K5
TRAF2	MAP3K7
TRAF2	MAP3K8
TRAF2	MAST2
TRAF2	NR2C2
TRAF2	RFX3
TRAF2	RIPK2
TRAF2	SETD5
TRAF2	TAOK3
TRAF2	TNFRSF11A
TRAF2	TNFRSF25
TRAF2	TNFSF9
TRAF2	TNIK
TRAF3	BIRC2
TRAF3	CFLAR
TRAF3	GRIN1
TRAF3IP2	IKBKB
TRAF3IP2	MAP3K7
TRAF3IP2	TRAF2
TRAF3IP2	TRAF3
TRAF3	LTBR
TRAF3	MAP2K1
TRAF3	SRC
TRAF3	TICAM2
TRAF3	TNFRSF11A
TRAF3	TRAF2
TRAF7	CYLD
TRAF7	MAP3K3
TRERF1	CREBBP
TRIM11	MED15
TRIM11	PAX6
TRIM16	SETDB1
TRIM24	HNF4A
TRIM24	NR3C1
TRIM24	NR3C2
TRIM24	PML
TRIM24	RXRA
TRIM24	TP53
TRIM25	KLF5
TRIM33	SMAD4
TRIM33	TRIM24
TRIM37	COPB1
TRIM37	FXR2
TRIM37	TRAF2
TRIM37	TRAF3
TRIM39	DCX
TRIM3	ACTN4
TRIM3	MYO5A
TRIM7	DES
TRIO	FLNA
TRIO	PTK2
TRIO	PTPRF
TRIO	RAC1
TRIP10	ARHGAP17
TRIP10	CDC42
TRIP10	CREBBP
TRIP10	CTNNB1
TRIP10	DNM2
TRIP10	HTT
TRIP10	RXRA
TRIP10	SRC
TRIP10	THRB
TRIP12	ATF7IP
TRIP12	CELSR3
TRIP12	THRB
TRPC1	GRIA1
TRPC1	HOMER1
TRPC1	ITPR1
TRPC1	ITPR2
TRPC1	ITPR3
TRPC4	ITCH
TRPC4	ITPR1
TRPC4	ITPR2
TRPC4	ITPR3
TRPC4	SLC9A3R1
TRPC4	TJP1
TRPC4	TRPC1
TRPC5	HOMER1
TRPC5	ITPR1
TRPC5	ITPR3
TRPC5	SLC9A3R1
TRPC5	TRPC1
TRPC5	TRPC4
TRPC6	ITPR1
TRPC6	ITPR3
TRPC6	SRC
TRPC6	TRPC1
TRPC6	TRPC4
TRPC6	TRPC5
TRPM7	PLCB1
TRPM7	PLCG1
TRPV4	ITCH
TRPV4	PACSIN1
TRPV4	SRC
TRRAP	ATXN7
TRRAP	ATXN7L3
TRRAP	BRD8
TRRAP	CTNNB1
TRRAP	DMAP1
TRRAP	E2F4
TRRAP	EP400
TRRAP	ING1
TRRAP	KAT2B
TRRAP	KAT5
TRRAP	TP53
TTBK1	MAP2
TUBA1B	HDAC6
TUBA1B	MINK1
TUBA1B	PIK3R1
TUBA1B	PXN
TUBA1B	SIAH1
TUBA1B	SNAP91
TUBG1	MARK4
TUBG1	PDCD6IP
TUBG1	PIK3R1
TUBG1	PLK1
TUBG1	PXN
TUBG1	RNF19A
TUBG1	RPGR
TUBG1	TUBA1B
TUBG2	PXN
TUBG2	RNF19A
TUBGCP3	FBXW11
TUBGCP3	TUBG1
TUBGCP3	TUBG2
TUBGCP4	AP2B1
TUBGCP4	KCTD17
TUBGCP4	TUBG1
TUBGCP4	TUBGCP3
TYK2	CBL
TYK2	JAK1
TYK2	PDGFRB
TYK2	PIK3R1
TYK2	PLAUR
TYK2	PTPN6
U2AF2	CCAR1
U2AF2	CHERP
U2AF2	DDX6
U2AF2	HNRNPK
U2AF2	KHDRBS3
U2AF2	MAP1B
U2AF2	PUF60
U2AF2	RBM10
U2AF2	RBM39
U2AF2	RBM4
U2AF2	RBM5
U2AF2	SF1
U2AF2	SF3A2
U2AF2	SMAD5
U2AF2	SRPK2
U2AF2	TCERG1
UBA1	CDC34
UBA1	SEMA3F
UBA2	RANBP2
UBA2	SERBP1
UBA2	UBA1
UBAP2L	PLXNA2
UBE2J1	BIRC2
UBE3C	CAND2
UBQLN1	ADRM1
UBQLN1	CSTF2
UBQLN1	GABRA3
UBQLN1	HGS
UBQLN1	MTOR
UBR1	BTBD2
UBR1	CDC42
UBR1	FTH1
UBR1	PTPRS
UBR5	DDB1
UBTF	CHD4
UBTF	CREBBP
UBTF	CSNK2A1
UBTF	KAT5
UBTF	LEF1
UBTF	POLR1A
UBTF	RRN3
UBTF	SIRT7
UBTF	SMARCA5
UBTF	SMURF1
UBTF	TAF1
UBTF	TBP
UBXN1	BMPR1B
UBXN1	SMAD1
UBXN1	SMURF1
UBXN1	TGFBR1
UBXN7	HIF1A
UHRF2	SMAD4
ULK1	PRKAA1
ULK1	PRKAG1
ULK2	LUC7L2
ULK2	NASP
ULK2	SETDB1
UPF2	EIF4A1
UPF2	EIF4G1
UPF2	SKIV2L2
UPF2	SMG1
UPRT	UCKL1
USP11	CBX8
USP11	CS
USP11	EIF4B
USP11	MYCBP2
USP11	OSBPL9
USP11	PIK3C3
USP11	RANBP9
USP11	SETDB1
USP11	TP53
USP11	TRIP12
USP14	ADRM1
USP14	ERG
USP14	KIR2DL3
USP14	PSMA6
USP14	PSMC2
USP14	PSMC3
USP14	PSMC4
USP14	PSMC6
USP14	PSMD1
USP19	BIRC2
USP21	KCTD10
USP21	MARK1
USP21	MARK2
USP21	MARK3
USP21	MARK4
USP39	DDX23
USP39	EFTUD2
USP39	PRPF4B
USP39	PRPF6
USP39	PRPF8
USP39	SART1
USP47	FBXW11
USP54	ATN1
USP7	ACD
USP7	ARNT2
USP7	DAXX
USP7	DNMT1
USP7	EIF4B
USP7	HUWE1
USP7	MDM4
USP7	PPM1G
USP7	PSMA3
USP7	RING1
USP7	SYVN1
USP7	TP53
USP7	TRAF2
USP7	TRAF3
USP7	TRIP12
USP7	USP11
USP7	USP14
USP7	USP19
USP8	AKT1
USP8	BIRC6
USP8	EGFR
USP8	KIF23
USP8	RASGRF1
USP9X	CTNNB1
USP9X	DCX
USP9X	HUWE1
USP9X	ITCH
USP9X	MARK4
USP9X	MLLT4
USP9X	SMAD4
VAC14	NOS1
VAMP2	SNAP25
VAMP2	STXBP3
VAPA	NSF
VAPA	SIK1
VAPA	VAMP2
VCL	ACTN1
VCL	CTNNA1
VCL	CTNNB1
VCL	PRKCA
VCL	PTK2
VCL	PXN
VCL	RAVER1
VCL	SRC
VCL	TLN1
VPS13D	MADD
VPS28	PDCD6IP
VPS37D	HGS
VWF	COL1A2
VWF	F8
VWF	FURIN
VWF	ITGA2B
VWF	SIRPA
WAPAL	PDS5A
WAPAL	PDS5B
WAPAL	RAD21
WAPAL	RNGTT
WAPAL	SMC3
WASL	ABL1
WASL	CDC42
WASL	FNBP1
WASL	ITSN1
WASL	NCKIPSD
WASL	PACSIN1
WASL	SNX9
WBP11	PIK3R1
WBP11	PPP1CA
WBP11	RBM5
WBP11	SF3A2
WBP11	SRC
WBP11	TRIP10
WDR25	PSME3
WDR33	GIT1
WDR33	PRMT1
WDR33	TGFBR1
WDR33	TP53
WDR44	ASH2L
WDR44	RAB11A
WDR44	RBBP5
WDR48	ATAD5
WDR48	CSNK2A1
WDR48	EIF3A
WDR48	EIF3H
WDR48	PHLPP1
WDR48	SET
WDR5	ASH2L
WDR5	ATN1
WDR5	CHD8
WDR5	CXXC1
WDR5	E2F6
WDR5	HCFC1
WDR5	KDM6A
WDR5	MLLT1
WDR5	PAXIP1
WDR5	PHF8
WDR5	RBBP5
WDR5	SENP3
WDR5	SETD1A
WDR5	TAF1
WDR5	TAF6
WEE1	BRD8
WEE1	BRSK1
WEE1	BRSK2
WEE1	CSNK2A1
WEE1	FBXW11
WEE1	PLK1
WEE1	SMURF1
WHSC1	HDAC2
WIPI2	STRN4
WNK1	AKT1
WNK1	MAP3K3
WNK1	NEDD4L
WNK1	SGK1
WNK1	SYT2
WNK4	AKT1
WNK4	BCL6
WNK4	NEDD4L
WNK4	SGK1
WNK4	STK39
WWP1	ATN1
WWP1	KLF5
WWP1	RASA1
WWP1	SMAD1
WWP1	SMAD4
WWP1	SMAD5
WWP1	SMAD6
WWP1	TP53BP2
XPO5	ILF3
XPO5	SMAD4
XPO7	DDX19B
XRCC5	ATR
XRCC5	DHX9
XRCC5	HNRNPC
XRCC5	HSF1
XRCC5	NAA15
XRCC5	POLD1
XRCC5	POLE
XRCC5	RBM14
XRCC5	TCF4
XRCC5	TERF2
XRCC5	TERF2IP
XRCC5	TOP2B
XRCC5	TYK2
XRN2	EIF5A
XRN2	PSMA3
XRN2	TARDBP
XRN2	UPF2
YAP1	ABL1
YAP1	AKT1
YAP1	HNRNPU
YAP1	LATS1
YAP1	SLC9A3R1
YAP1	SMAD1
YAP1	TP53BP2
YAP1	TP73
YLPM1	PPP1CA
YLPM1	PRMT1
YTHDC1	ABL1
YTHDC1	KHDRBS3
YTHDC1	SRC
YY1	ACTR5
YY1	ATF2
YY1	BAP1
YY1	CREB1
YY1	CREBBP
YY1	CTCF
YY1	DLL1
YY1	E2F3
YY1	EED
YY1	GTF2I
YY1	HCFC1
YY1	HDAC2
YY1	HDAC4
YY1	HDAC5
YY1	HSPA4
YY1	ILF3
YY1	INO80
YY1	KAT2B
YY1	NFRKB
YY1	NOTCH1
YY1	NPM1
YY1	PRMT1
YY1	SMAD4
YY1	SP1
YY1	TFPT
YY1	TP53
ZBTB16	BCL6
ZBTB16	EIF2S2
ZBTB16	EPN1
ZBTB16	FCHO1
ZBTB16	GATA1
ZBTB16	GATA2
ZBTB16	HDAC2
ZBTB16	HDAC4
ZBTB16	HDAC5
ZBTB16	HDAC6
ZBTB16	HDAC7
ZBTB16	MAP3K3
ZBTB16	NCOR1
ZBTB16	NCOR2
ZBTB16	NR3C1
ZBTB16	PML
ZBTB16	RXRA
ZBTB16	SIN3A
ZBTB16	SIN3B
ZBTB16	SP1
ZBTB16	TRAF2
ZBTB16	WDR33
ZBTB17	CREBBP
ZBTB17	DNMT3A
ZBTB17	GTF2I
ZBTB17	HCFC1
ZBTB2	CREBBP
ZBTB32	GATA2
ZBTB32	ZBTB16
ZBTB47	CBFA2T3
ZC3H18	SF3A2
ZEB1	CTBP1
ZEB1	CTBP2
ZEB1	DRAP1
ZEB1	KAT5
ZEB2	CTBP1
ZEB2	CTBP2
ZEB2	SMAD1
ZEB2	SMAD5
ZER1	TCEB2
ZFPM1	CTBP2
ZFPM1	GATA1
ZFPM1	GATA2
ZFPM1	TOP3B
ZFYVE28	EGFR
ZFYVE9	CHD6
ZFYVE9	CTNNB1
ZFYVE9	EIF4G1
ZFYVE9	ETS2
ZFYVE9	JUP
ZFYVE9	PML
ZFYVE9	PPP1CA
ZFYVE9	PPP2R1A
ZFYVE9	RBBP6
ZFYVE9	SVEP1
ZFYVE9	TGFBR1
ZMIZ1	TP53
ZMYM2	FUS
ZMYM2	HDAC2
ZMYM2	HNRNPH3
ZMYM2	SMAD4
ZMYM2	UBTF
ZMYM3	HDAC2
ZMYND11	BMPR1A
ZMYND11	C11orf30
ZMYND11	E2F6
ZMYND11	EP400
ZMYND11	ETS2
ZMYND11	EZH1
ZMYND11	NCOR1
ZMYND11	SMARCA4
ZMYND11	TP53
ZMYND8	ATN1
ZMYND8	FHOD1
ZMYND8	RERE
ZMYND8	USP7
ZMYND8	ZFYVE9
ZNF148	TP53
ZNF205	TRAF2
ZNF207	HNRNPM
ZNF207	SF3A2
ZNF366	CTBP1
ZNF423	EBF1
ZNF423	EBF3
ZNF423	SMAD1
ZNF423	SMAD4
ZNF423	USP7
ZNF521	EBF1
ZNF521	GATA1
ZNF521	SMAD1
ZNF521	SMAD4
ZNF598	DBN1
ZP3	ACR
ZP3	FURIN
ZRANB2	YY1
ZXDC	CIITA
ZXDC	NR1H2
ZXDC	RORA
